employee_id,sex,job_title,job_family,job_level,legal_entity,country,department,location,cost_center,fte,full_time_weekly_hours,base_salary,variable_pay,allowances,benefits_in_kind,hire_date,birth_year,performance_rating
E00001,M,Head of Support,Customer Support,5,DE GmbH,DE,Customer Support,Bremen,CC740-DE,1.0,40,89976.0,5607.0,6000.0,1500.0,2020-12-22,1983,4
E00002,M,Operations Supervisor,Operations,3,NL BV,NL,Operations,Rotterdam,CC630-NL,1.0,38,50061.0,2073.0,2578.0,0.0,2024-03-02,1998,3
E00003,F,Shift Lead,Operations,2,DE GmbH,DE,Operations,Munich,CC630-DE,0.6,40,40852.0,0.0,1240.0,0.0,2023-06-25,1999,3
E00004,F,Support Manager,Customer Support,4,ES SL,ES,Customer Support,Madrid,CC740-ES,1.0,40,45382.0,2336.0,0.0,0.0,2020-01-30,1979,4
E00005,M,VP Sales,Sales,6,ES SL,ES,Sales,Madrid,CC520-ES,1.0,40,90244.0,36380.0,6000.0,1500.0,2018-08-15,1978,2
E00006,M,Senior Support Agent,Customer Support,2,ES SL,ES,Customer Support,Madrid,CC740-ES,1.0,40,28628.0,1232.0,0.0,0.0,2021-11-24,1992,3
E00007,M,Warehouse Operative,Operations,1,ES SL,ES,Operations,Madrid,CC630-ES,1.0,40,22940.0,1120.0,1798.0,0.0,2024-07-27,2002,4
E00008,F,Engineer,Engineering,2,DE GmbH,DE,Engineering,Bremen,CC410-DE,1.0,40,66289.0,5698.0,0.0,0.0,2024-11-26,2000,3
E00009,M,Operations Manager,Operations,4,DE GmbH,DE,Operations,Munich,CC630-DE,1.0,40,67436.0,3246.0,0.0,0.0,2022-08-26,1988,2
E00010,M,Accountant,Finance,2,DE GmbH,DE,Finance,Munich,CC850-DE,1.0,40,56146.0,5290.0,0.0,0.0,2020-07-01,1991,2
E00011,M,Head of Operations,Operations,6,ES SL,ES,Operations,Madrid,CC630-ES,1.0,40,77791.0,2487.0,6000.0,1500.0,2019-08-31,1975,3
E00012,F,Site Director,Operations,5,NL BV,NL,Operations,Hengelo,CC630-NL,0.8,38,77713.0,5546.0,4800.0,0.0,2020-09-06,1983,3
E00013,M,Senior Engineer,Engineering,3,ES SL,ES,Engineering,Madrid,CC410-ES,1.0,40,55649.0,5742.0,0.0,0.0,2021-08-04,1998,4
E00014,M,Operations Manager,Operations,4,NL BV,NL,Operations,Hengelo,CC630-NL,1.0,38,67901.0,3055.0,0.0,1500.0,2015-03-07,1983,3
E00015,F,Account Executive,Sales,2,ES SL,ES,Sales,Madrid,CC520-ES,1.0,40,32285.0,0.0,0.0,0.0,2023-01-04,1992,4
E00016,M,Operations Manager,Operations,4,ES SL,ES,Operations,Madrid,CC630-ES,1.0,40,53414.0,1627.0,0.0,1500.0,2022-12-14,1986,4
E00017,M,Senior Engineer,Engineering,3,FR SAS,FR,Engineering,Paris,CC410-FR,1.0,35,70775.0,5341.0,0.0,0.0,2024-05-08,1993,3
E00018,M,Senior Engineer,Engineering,3,NL BV,NL,Engineering,Hengelo,CC410-NL,1.0,38,74638.0,6053.0,0.0,0.0,2023-03-08,1996,2
E00019,M,Senior Engineer,Engineering,3,FR SAS,FR,Engineering,Toulouse,CC410-FR,1.0,35,74330.0,9798.0,0.0,0.0,2021-01-25,1993,4
E00020,F,Senior Account Executive,Sales,3,DE GmbH,DE,Sales,Munich,CC520-DE,1.0,40,55508.0,14078.0,0.0,0.0,2022-08-27,1986,3
E00021,F,Junior Engineer,Engineering,1,DE GmbH,DE,Engineering,Munich,CC410-DE,0.5,40,45301.0,0.0,0.0,0.0,2020-06-04,2002,4
E00022,F,Senior Account Executive,Sales,3,NL BV,NL,Sales,Rotterdam,CC520-NL,1.0,38,56488.0,7440.0,0.0,0.0,2022-03-12,1990,1
E00023,M,Operations Manager,Operations,4,DE GmbH,DE,Operations,Munich,CC630-DE,1.0,40,81119.0,0.0,0.0,0.0,2014-02-23,1985,2
E00024,F,Senior Account Executive,Sales,3,NL BV,NL,Sales,Hengelo,CC520-NL,0.6,38,56359.0,8310.0,0.0,0.0,2020-11-15,1988,3
E00025,M,Operations Supervisor,Operations,3,NL BV,NL,Operations,Rotterdam,CC630-NL,1.0,38,45393.0,3093.0,0.0,0.0,2022-01-13,1992,3
E00026,F,Engineering Director,Engineering,6,DE GmbH,DE,Engineering,Munich,CC410-DE,0.5,40,161557.0,5417.0,3000.0,1500.0,2020-09-07,1980,2
E00027,M,Account Executive,Sales,2,FR SAS,FR,Sales,Paris,CC520-FR,1.0,35,44583.0,13572.0,0.0,0.0,2020-11-04,1986,3
E00028,M,Junior Engineer,Engineering,1,FR SAS,FR,Engineering,Paris,CC410-FR,1.0,35,44432.0,0.0,0.0,0.0,2023-06-26,2000,3
E00029,M,Sales Manager,Sales,4,DE GmbH,DE,Sales,Bremen,CC520-DE,1.0,40,74850.0,19176.0,0.0,1500.0,2020-04-08,1985,2
E00030,F,HR Assistant,People,1,ES SL,ES,People,Madrid,CC860-ES,1.0,40,25500.0,0.0,0.0,0.0,2021-07-30,2003,3
E00031,M,Support Manager,Customer Support,4,NL BV,NL,Customer Support,Rotterdam,CC740-NL,1.0,38,66011.0,4358.0,0.0,1500.0,2021-08-14,1988,3
E00032,M,Engineering Director,Engineering,6,NL BV,NL,Engineering,Hengelo,CC410-NL,1.0,38,153380.0,14433.0,6000.0,0.0,2017-12-31,1974,3
E00033,F,Senior Account Executive,Sales,3,ES SL,ES,Sales,Madrid,CC520-ES,1.0,40,46358.0,6198.0,0.0,0.0,2021-10-22,1981,3
E00034,F,Operations Supervisor,Operations,3,ES SL,ES,Operations,Madrid,CC630-ES,1.0,40,34748.0,1562.0,1391.0,0.0,2019-12-27,1992,3
E00035,F,Finance Assistant,Finance,1,NL BV,NL,Finance,Hengelo,CC850-NL,1.0,38,42696.0,0.0,0.0,0.0,2023-10-14,1996,3
E00036,M,Operations Supervisor,Operations,3,NL BV,NL,Operations,Hengelo,CC630-NL,1.0,38,54809.0,1500.0,0.0,0.0,2021-02-28,1991,3
E00037,F,Operations Supervisor,Operations,3,FR SAS,FR,Operations,Paris,CC630-FR,1.0,35,44429.0,1726.0,2063.0,0.0,2016-11-27,1993,3
E00038,F,HR Generalist,People,2,FR SAS,FR,People,Paris,CC860-FR,1.0,35,48689.0,2708.0,0.0,0.0,2013-05-25,1989,3
E00039,M,Staff Engineer,Engineering,4,FR SAS,FR,Engineering,Paris,CC410-FR,1.0,35,81539.0,2188.0,0.0,0.0,2023-01-24,1985,2
E00040,M,Senior Account Executive,Sales,3,DE GmbH,DE,Sales,Munich,CC520-DE,1.0,40,59961.0,17795.0,0.0,0.0,2023-03-01,1989,3
E00041,F,Senior Support Agent,Customer Support,2,ES SL,ES,Customer Support,Madrid,CC740-ES,0.6,40,27474.0,807.0,0.0,0.0,2021-09-27,1987,3
E00042,F,Support Agent,Customer Support,1,FR SAS,FR,Customer Support,Paris,CC740-FR,1.0,35,28733.0,0.0,0.0,0.0,2022-09-22,2003,3
E00043,F,Account Executive,Sales,2,FR SAS,FR,Sales,Paris,CC520-FR,0.8,35,42446.0,0.0,0.0,0.0,2022-05-28,1995,3
E00044,F,Junior Engineer,Engineering,1,FR SAS,FR,Engineering,Toulouse,CC410-FR,0.6,35,40571.0,2120.0,0.0,0.0,2021-07-09,1996,3
E00045,M,Finance Assistant,Finance,1,IE Ltd,IE,Finance,Dublin,CC850-IE,1.0,39,41415.0,0.0,0.0,0.0,2020-02-09,1996,2
E00046,F,HR Assistant,People,1,DE GmbH,DE,People,Munich,CC860-DE,1.0,40,36155.0,5558.0,0.0,0.0,2025-01-16,2003,4
E00047,M,Senior Engineer,Engineering,3,FR SAS,FR,Engineering,Toulouse,CC410-FR,1.0,35,72581.0,7602.0,0.0,0.0,2019-10-15,1986,2
E00048,M,HR Generalist,People,2,ES SL,ES,People,Madrid,CC860-ES,1.0,40,28773.0,0.0,0.0,0.0,2024-08-04,1997,3
E00049,F,Support Agent,Customer Support,1,IE Ltd,IE,Customer Support,Dublin,CC740-IE,1.0,39,26870.0,1876.0,0.0,0.0,2021-01-14,1998,4
E00050,F,Finance Assistant,Finance,1,NL BV,NL,Finance,Hengelo,CC850-NL,1.0,38,47206.0,0.0,0.0,0.0,2019-07-06,1997,4
E00051,M,Senior Support Agent,Customer Support,2,ES SL,ES,Customer Support,Madrid,CC740-ES,1.0,40,26887.0,1174.0,0.0,0.0,2022-02-18,1992,4
E00052,F,Accountant,Finance,2,FR SAS,FR,Finance,Toulouse,CC850-FR,1.0,35,45350.0,3901.0,0.0,0.0,2022-10-27,1996,4
E00053,F,HR Generalist,People,2,ES SL,ES,People,Madrid,CC860-ES,0.8,40,31896.0,0.0,0.0,0.0,2022-07-16,1994,4
E00054,F,Finance Assistant,Finance,1,FR SAS,FR,Finance,Toulouse,CC850-FR,1.0,35,35036.0,0.0,0.0,0.0,2022-07-28,1998,3
E00055,F,Sales Associate,Sales,1,DE GmbH,DE,Sales,Bremen,CC520-DE,1.0,40,36140.0,7732.0,0.0,0.0,2020-03-05,1995,2
E00056,F,Senior Accountant,Finance,3,ES SL,ES,Finance,Madrid,CC850-ES,1.0,40,45814.0,4644.0,0.0,0.0,2023-04-04,1982,4
E00057,M,Account Executive,Sales,2,ES SL,ES,Sales,Madrid,CC520-ES,1.0,40,36437.0,15031.0,0.0,0.0,2022-11-22,1988,4
E00058,F,HR Assistant,People,1,DE GmbH,DE,People,Bremen,CC860-DE,1.0,40,34791.0,0.0,0.0,0.0,2025-03-29,2003,3
E00059,F,Warehouse Operative,Operations,1,IE Ltd,IE,Operations,Dublin,CC630-IE,0.6,39,27507.0,438.0,1479.0,0.0,2022-03-02,2002,2
E00060,M,Junior Engineer,Engineering,1,DE GmbH,DE,Engineering,Bremen,CC410-DE,1.0,40,53505.0,8511.0,0.0,0.0,2025-03-26,1993,5
E00061,F,Senior Support Agent,Customer Support,2,NL BV,NL,Customer Support,Rotterdam,CC740-NL,0.6,38,47071.0,1809.0,0.0,0.0,2022-09-25,2000,3
E00062,F,HR Assistant,People,1,FR SAS,FR,People,Paris,CC860-FR,0.8,35,33082.0,1759.0,0.0,0.0,2021-11-15,2001,3
E00063,M,Principal Engineer,Engineering,5,DE GmbH,DE,Engineering,Bremen,CC410-DE,1.0,40,131755.0,6864.0,6000.0,1500.0,2017-04-04,1984,4
E00064,F,Chief People Officer,People,6,FR SAS,FR,People,Toulouse,CC860-FR,1.0,35,113814.0,4557.0,6000.0,1500.0,2020-12-26,1985,3
E00065,F,Account Executive,Sales,2,DE GmbH,DE,Sales,Munich,CC520-DE,0.6,40,49075.0,7599.0,0.0,0.0,2021-07-09,1993,3
E00066,M,Account Executive,Sales,2,DE GmbH,DE,Sales,Munich,CC520-DE,0.8,40,49245.0,11661.0,0.0,0.0,2024-08-28,1997,3
E00067,M,Senior Account Executive,Sales,3,DE GmbH,DE,Sales,Bremen,CC520-DE,1.0,40,63763.0,0.0,0.0,0.0,2022-12-08,1996,3
E00068,M,VP Customer Experience,Customer Support,6,DE GmbH,DE,Customer Support,Bremen,CC740-DE,0.5,40,125670.0,4310.0,3000.0,1500.0,2019-09-25,1981,4
E00069,F,Sales Associate,Sales,1,IE Ltd,IE,Sales,Dublin,CC520-IE,1.0,39,41407.0,9647.0,0.0,0.0,2023-06-06,2002,3
E00070,F,Engineer,Engineering,2,DE GmbH,DE,Engineering,Munich,CC410-DE,1.0,40,60842.0,7255.0,0.0,0.0,2022-05-15,1995,4
E00071,M,Staff Engineer,Engineering,4,ES SL,ES,Engineering,Madrid,CC410-ES,1.0,40,81154.0,5891.0,0.0,1500.0,2012-08-26,1983,3
E00072,F,HR Assistant,People,1,ES SL,ES,People,Madrid,CC860-ES,1.0,40,24823.0,0.0,0.0,0.0,2024-05-07,1997,2
E00073,M,Sales Manager,Sales,4,FR SAS,FR,Sales,Toulouse,CC520-FR,1.0,35,81032.0,23360.0,0.0,1500.0,2020-01-28,1980,2
E00074,F,HR Generalist,People,2,DE GmbH,DE,People,Munich,CC860-DE,1.0,40,46832.0,0.0,0.0,0.0,2024-12-18,1994,3
E00075,F,HR Assistant,People,1,FR SAS,FR,People,Toulouse,CC860-FR,1.0,35,33268.0,1688.0,0.0,0.0,2017-09-16,1991,3
E00076,M,Head of Operations,Operations,6,DE GmbH,DE,Operations,Munich,CC630-DE,1.0,40,113785.0,5749.0,6000.0,1500.0,2016-10-21,1976,3
E00077,M,Support Agent,Customer Support,1,IE Ltd,IE,Customer Support,Dublin,CC740-IE,1.0,39,34932.0,0.0,0.0,0.0,2017-08-24,1987,2
E00078,M,Senior Account Executive,Sales,3,DE GmbH,DE,Sales,Bremen,CC520-DE,1.0,40,70453.0,9584.0,0.0,0.0,2018-04-19,1989,3
E00079,M,Chief People Officer,People,6,NL BV,NL,People,Hengelo,CC860-NL,1.0,38,128244.0,13209.0,6000.0,0.0,2018-01-23,1982,2
E00080,F,Sales Associate,Sales,1,NL BV,NL,Sales,Hengelo,CC520-NL,0.8,38,37062.0,8366.0,0.0,0.0,2018-04-30,1997,3
E00081,M,Senior Engineer,Engineering,3,FR SAS,FR,Engineering,Paris,CC410-FR,1.0,35,78848.0,7089.0,0.0,0.0,2011-10-10,1978,4
E00082,F,Support Agent,Customer Support,1,IE Ltd,IE,Customer Support,Dublin,CC740-IE,0.8,39,32562.0,897.0,0.0,0.0,2021-01-25,2001,3
E00083,F,Shift Lead,Operations,2,NL BV,NL,Operations,Hengelo,CC630-NL,1.0,38,38204.0,0.0,2583.0,0.0,2019-06-14,1992,3
E00084,M,Operations Manager,Operations,4,DE GmbH,DE,Operations,Munich,CC630-DE,1.0,40,74752.0,2536.0,0.0,0.0,2012-12-05,1984,4
E00085,F,Accountant,Finance,2,DE GmbH,DE,Finance,Munich,CC850-DE,1.0,40,55561.0,3757.0,0.0,0.0,2022-08-30,1998,3
E00086,F,Engineer,Engineering,2,ES SL,ES,Engineering,Madrid,CC410-ES,1.0,40,42510.0,2192.0,0.0,0.0,2020-02-01,1989,2
E00087,M,Engineer,Engineering,2,DE GmbH,DE,Engineering,Bremen,CC410-DE,1.0,40,62104.0,2350.0,0.0,0.0,2023-12-17,1997,3
E00088,F,Senior Support Agent,Customer Support,2,ES SL,ES,Customer Support,Madrid,CC740-ES,1.0,40,27038.0,0.0,0.0,0.0,2023-08-29,1993,3
E00089,F,Operations Manager,Operations,4,IE Ltd,IE,Operations,Dublin,CC630-IE,1.0,39,59584.0,2592.0,0.0,1500.0,2022-11-15,1989,3
E00090,M,Operations Supervisor,Operations,3,DE GmbH,DE,Operations,Munich,CC630-DE,1.0,40,56323.0,3673.0,3452.0,0.0,2017-03-15,1986,3
E00091,M,Warehouse Operative,Operations,1,FR SAS,FR,Operations,Toulouse,CC630-FR,1.0,35,26331.0,0.0,0.0,0.0,2023-11-30,2003,1
E00092,M,Operations Manager,Operations,4,IE Ltd,IE,Operations,Dublin,CC630-IE,1.0,39,80984.0,5043.0,0.0,0.0,2019-06-13,1988,4
E00093,M,Engineering Director,Engineering,6,FR SAS,FR,Engineering,Toulouse,CC410-FR,1.0,35,152163.0,15803.0,6000.0,1500.0,2019-05-27,1970,2
E00094,F,Head of Operations,Operations,6,ES SL,ES,Operations,Madrid,CC630-ES,1.0,40,70408.0,2588.0,6000.0,1500.0,2021-06-04,1980,4
E00095,M,Senior Support Agent,Customer Support,2,IE Ltd,IE,Customer Support,Dublin,CC740-IE,1.0,39,35413.0,1462.0,0.0,0.0,2023-06-25,1996,3
E00096,M,Chief People Officer,People,6,IE Ltd,IE,People,Dublin,CC860-IE,1.0,39,135448.0,0.0,6000.0,0.0,2015-12-06,1973,4
E00097,M,Site Director,Operations,5,IE Ltd,IE,Operations,Dublin,CC630-IE,1.0,39,89283.0,4178.0,6000.0,0.0,2021-03-28,1987,3
E00098,F,Support Team Lead,Customer Support,3,DE GmbH,DE,Customer Support,Bremen,CC740-DE,0.6,40,52680.0,1540.0,0.0,0.0,2013-06-19,1992,2
E00099,M,Warehouse Operative,Operations,1,DE GmbH,DE,Operations,Munich,CC630-DE,1.0,40,35590.0,2467.0,0.0,0.0,2023-02-08,1996,4
E00100,F,Staff Engineer,Engineering,4,FR SAS,FR,Engineering,Paris,CC410-FR,1.0,35,91043.0,9027.0,0.0,1500.0,2021-05-12,1982,4
E00101,F,Account Executive,Sales,2,FR SAS,FR,Sales,Paris,CC520-FR,1.0,35,39172.0,7345.0,0.0,0.0,2022-11-04,1987,3
E00102,M,Operations Supervisor,Operations,3,DE GmbH,DE,Operations,Bremen,CC630-DE,1.0,40,67487.0,3313.0,3050.0,0.0,2018-05-18,1988,3
E00103,M,Staff Engineer,Engineering,4,ES SL,ES,Engineering,Madrid,CC410-ES,1.0,40,77735.0,3697.0,0.0,0.0,2018-10-13,1980,3
E00104,M,Operations Manager,Operations,4,DE GmbH,DE,Operations,Munich,CC630-DE,1.0,40,69805.0,2899.0,0.0,1500.0,2018-07-02,1982,3
E00105,M,Account Executive,Sales,2,ES SL,ES,Sales,Madrid,CC520-ES,1.0,40,31725.0,13017.0,0.0,0.0,2021-01-26,1994,4
E00106,F,Engineer,Engineering,2,FR SAS,FR,Engineering,Paris,CC410-FR,1.0,35,62157.0,4144.0,0.0,0.0,2015-03-18,1990,2
E00107,F,Account Executive,Sales,2,FR SAS,FR,Sales,Paris,CC520-FR,0.5,35,42648.0,5328.0,0.0,0.0,2019-11-12,1988,2
E00108,F,Finance Manager,Finance,4,DE GmbH,DE,Finance,Bremen,CC850-DE,0.5,40,85914.0,2289.0,0.0,0.0,2021-08-26,1993,2
E00109,M,Sales Associate,Sales,1,FR SAS,FR,Sales,Paris,CC520-FR,1.0,35,31579.0,11595.0,0.0,0.0,2024-08-18,1999,3
E00110,M,Junior Engineer,Engineering,1,DE GmbH,DE,Engineering,Bremen,CC410-DE,1.0,40,45282.0,0.0,0.0,0.0,2023-01-17,2001,1
E00111,M,Support Team Lead,Customer Support,3,DE GmbH,DE,Customer Support,Bremen,CC740-DE,1.0,40,56200.0,3960.0,0.0,0.0,2017-06-20,1993,4
E00112,M,Senior Accountant,Finance,3,IE Ltd,IE,Finance,Dublin,CC850-IE,1.0,39,60656.0,4287.0,0.0,0.0,2014-08-09,1992,3
E00113,M,Operations Manager,Operations,4,FR SAS,FR,Operations,Paris,CC630-FR,1.0,35,67045.0,2111.0,0.0,1500.0,2020-07-22,1990,3
E00114,F,Senior Accountant,Finance,3,DE GmbH,DE,Finance,Bremen,CC850-DE,1.0,40,62939.0,0.0,0.0,0.0,2023-07-16,1983,3
E00115,F,Support Agent,Customer Support,1,DE GmbH,DE,Customer Support,Munich,CC740-DE,1.0,40,29566.0,1405.0,0.0,0.0,2021-05-17,2000,3
E00116,M,Sales Manager,Sales,4,ES SL,ES,Sales,Madrid,CC520-ES,1.0,40,55776.0,31108.0,0.0,1500.0,2022-07-05,1981,4
E00117,M,Regional Sales Director,Sales,5,IE Ltd,IE,Sales,Dublin,CC520-IE,1.0,39,97242.0,39949.0,6000.0,1500.0,2019-04-30,1982,2
E00118,M,Operations Supervisor,Operations,3,NL BV,NL,Operations,Hengelo,CC630-NL,1.0,38,50643.0,2327.0,2930.0,0.0,2023-07-25,1996,4
E00119,F,HR Business Partner,People,3,FR SAS,FR,People,Toulouse,CC860-FR,0.6,35,57564.0,5155.0,0.0,0.0,2021-04-22,1980,4
E00120,M,Engineer,Engineering,2,ES SL,ES,Engineering,Madrid,CC410-ES,1.0,40,48277.0,0.0,0.0,0.0,2019-02-01,1994,2
E00121,M,Operations Supervisor,Operations,3,DE GmbH,DE,Operations,Bremen,CC630-DE,1.0,40,62554.0,2721.0,2210.0,0.0,2006-09-23,1977,4
E00122,F,Shift Lead,Operations,2,ES SL,ES,Operations,Madrid,CC630-ES,1.0,40,25752.0,1641.0,0.0,0.0,2024-05-26,1992,4
E00123,M,Finance Manager,Finance,4,NL BV,NL,Finance,Hengelo,CC850-NL,1.0,38,85439.0,6617.0,0.0,1500.0,2019-03-31,1981,2
E00124,M,Site Director,Operations,5,IE Ltd,IE,Operations,Dublin,CC630-IE,1.0,39,79449.0,5528.0,6000.0,1500.0,2022-05-28,1985,1
E00125,X,Senior Account Executive,Sales,3,DE GmbH,DE,Sales,Bremen,CC520-DE,1.0,40,72094.0,22847.0,0.0,0.0,2020-01-01,1990,4
E00126,M,Engineer,Engineering,2,DE GmbH,DE,Engineering,Munich,CC410-DE,1.0,40,58822.0,2946.0,0.0,0.0,2022-11-08,1993,3
E00127,M,Staff Engineer,Engineering,4,FR SAS,FR,Engineering,Toulouse,CC410-FR,1.0,35,96312.0,6229.0,0.0,1500.0,2018-03-09,1977,4
E00128,F,Engineer,Engineering,2,ES SL,ES,Engineering,Madrid,CC410-ES,0.5,40,35705.0,1318.0,0.0,0.0,2024-08-22,1997,3
E00129,M,Warehouse Operative,Operations,1,FR SAS,FR,Operations,Toulouse,CC630-FR,1.0,35,25325.0,0.0,2014.0,0.0,2023-03-29,1998,4
E00130,M,Account Executive,Sales,2,ES SL,ES,Sales,Madrid,CC520-ES,0.6,40,32351.0,4194.0,0.0,0.0,2023-05-16,1989,3
E00131,M,Engineering Director,Engineering,6,ES SL,ES,Engineering,Madrid,CC410-ES,1.0,40,113885.0,7106.0,6000.0,0.0,2014-12-16,1976,2
E00132,M,Finance Manager,Finance,4,DE GmbH,DE,Finance,Bremen,CC850-DE,1.0,40,102239.0,9980.0,0.0,1500.0,2010-12-06,1975,3
E00133,F,Sales Associate,Sales,1,ES SL,ES,Sales,Madrid,CC520-ES,1.0,40,25025.0,4422.0,0.0,0.0,2022-11-03,2004,2
E00134,F,Accountant,Finance,2,ES SL,ES,Finance,Madrid,CC850-ES,1.0,40,35517.0,3385.0,0.0,0.0,2015-05-19,1993,4
E00135,M,Engineer,Engineering,2,DE GmbH,DE,Engineering,Bremen,CC410-DE,1.0,40,58767.0,4682.0,0.0,0.0,2020-01-14,1996,3
E00136,M,VP Customer Experience,Customer Support,6,FR SAS,FR,Customer Support,Paris,CC740-FR,1.0,35,104404.0,8242.0,6000.0,1500.0,2021-04-09,1989,4
E00137,F,Operations Supervisor,Operations,3,IE Ltd,IE,Operations,Dublin,CC630-IE,1.0,39,49362.0,2788.0,2664.0,0.0,2015-03-27,1987,2
E00138,F,HR Assistant,People,1,DE GmbH,DE,People,Bremen,CC860-DE,1.0,40,40070.0,0.0,0.0,0.0,2021-12-19,1996,3
E00139,M,Accountant,Finance,2,IE Ltd,IE,Finance,Dublin,CC850-IE,1.0,39,53149.0,0.0,0.0,0.0,2010-11-11,1991,3
E00140,F,Support Agent,Customer Support,1,FR SAS,FR,Customer Support,Paris,CC740-FR,1.0,35,28146.0,1112.0,0.0,0.0,2019-05-14,2000,3
E00141,M,Engineer,Engineering,2,DE GmbH,DE,Engineering,Bremen,CC410-DE,1.0,40,62766.0,5801.0,0.0,0.0,2020-01-26,1992,4
E00142,F,Account Executive,Sales,2,IE Ltd,IE,Sales,Dublin,CC520-IE,1.0,39,46008.0,0.0,0.0,0.0,2021-04-23,1992,2
E00143,M,Senior Account Executive,Sales,3,DE GmbH,DE,Sales,Munich,CC520-DE,1.0,40,62278.0,12464.0,0.0,0.0,2023-04-20,1988,3
E00144,F,Warehouse Operative,Operations,1,FR SAS,FR,Operations,Paris,CC630-FR,1.0,35,30051.0,0.0,0.0,0.0,2024-07-02,2000,2
E00145,F,Senior Support Agent,Customer Support,2,NL BV,NL,Customer Support,Hengelo,CC740-NL,1.0,38,45264.0,0.0,0.0,0.0,2017-06-06,1994,5
E00146,M,Senior Account Executive,Sales,3,ES SL,ES,Sales,Madrid,CC520-ES,1.0,40,46874.0,6881.0,0.0,0.0,2016-06-05,1990,3
E00147,F,Senior Accountant,Finance,3,NL BV,NL,Finance,Hengelo,CC850-NL,1.0,38,57411.0,4097.0,0.0,0.0,2023-07-12,1993,3
E00148,M,Junior Engineer,Engineering,1,DE GmbH,DE,Engineering,Bremen,CC410-DE,1.0,40,52074.0,5602.0,0.0,0.0,2023-01-04,1995,3
E00149,M,Site Director,Operations,5,ES SL,ES,Operations,Madrid,CC630-ES,1.0,40,67833.0,0.0,6000.0,1500.0,2016-03-27,1974,3
E00150,M,Operations Manager,Operations,4,ES SL,ES,Operations,Madrid,CC630-ES,1.0,40,52201.0,1841.0,0.0,1500.0,2010-04-09,1977,2
E00151,M,Senior Support Agent,Customer Support,2,DE GmbH,DE,Customer Support,Munich,CC740-DE,1.0,40,45805.0,2099.0,0.0,0.0,2019-11-15,1999,4
E00152,M,Operations Supervisor,Operations,3,IE Ltd,IE,Operations,Dublin,CC630-IE,1.0,39,50343.0,2111.0,2250.0,0.0,2021-01-12,1990,3
E00153,F,Senior Support Agent,Customer Support,2,FR SAS,FR,Customer Support,Toulouse,CC740-FR,1.0,35,39089.0,0.0,0.0,0.0,2020-03-13,1985,3
E00154,M,Shift Lead,Operations,2,DE GmbH,DE,Operations,Bremen,CC630-DE,1.0,40,43419.0,0.0,1997.0,0.0,2023-10-21,1997,3
E00155,M,HR Business Partner,People,3,FR SAS,FR,People,Paris,CC860-FR,1.0,35,50765.0,0.0,0.0,0.0,2022-01-08,1989,4
E00156,F,Finance Assistant,Finance,1,DE GmbH,DE,Finance,Munich,CC850-DE,1.0,40,36899.0,0.0,0.0,0.0,2021-12-09,1997,3
E00157,M,Sales Associate,Sales,1,DE GmbH,DE,Sales,Munich,CC520-DE,1.0,40,35452.0,6109.0,0.0,0.0,2024-01-12,1994,3
E00158,F,Sales Associate,Sales,1,NL BV,NL,Sales,Hengelo,CC520-NL,1.0,38,35305.0,10637.0,0.0,0.0,2022-06-06,1995,3
E00159,M,Senior Accountant,Finance,3,DE GmbH,DE,Finance,Munich,CC850-DE,1.0,40,68924.0,0.0,0.0,0.0,2012-12-29,1988,3
E00160,M,Engineering Director,Engineering,6,ES SL,ES,Engineering,Madrid,CC410-ES,1.0,40,113062.0,0.0,6000.0,0.0,2021-10-06,1982,3
E00161,F,Sales Associate,Sales,1,FR SAS,FR,Sales,Paris,CC520-FR,0.5,35,33017.0,5825.0,0.0,0.0,2025-03-04,1997,3
E00162,F,Finance Assistant,Finance,1,DE GmbH,DE,Finance,Munich,CC850-DE,1.0,40,41432.0,0.0,0.0,0.0,2021-04-27,2000,3
E00163,M,Support Agent,Customer Support,1,DE GmbH,DE,Customer Support,Munich,CC740-DE,1.0,40,35008.0,2021.0,0.0,0.0,2021-02-21,2007,4
E00164,M,Operations Supervisor,Operations,3,DE GmbH,DE,Operations,Munich,CC630-DE,1.0,40,57131.0,5232.0,0.0,0.0,2022-05-22,1985,4
E00165,F,Engineer,Engineering,2,NL BV,NL,Engineering,Rotterdam,CC410-NL,1.0,38,55612.0,2934.0,0.0,0.0,2022-07-10,1989,3
E00166,F,HR Business Partner,People,3,DE GmbH,DE,People,Bremen,CC860-DE,1.0,40,66544.0,3196.0,0.0,0.0,2023-03-21,1985,2
E00167,M,Account Executive,Sales,2,ES SL,ES,Sales,Madrid,CC520-ES,1.0,40,37458.0,14898.0,0.0,0.0,2017-10-04,1984,3
E00168,M,Engineer,Engineering,2,ES SL,ES,Engineering,Madrid,CC410-ES,1.0,40,44292.0,5098.0,0.0,0.0,2022-01-04,1996,3
E00169,F,Senior Account Executive,Sales,3,NL BV,NL,Sales,Hengelo,CC520-NL,1.0,38,62425.0,0.0,0.0,0.0,2023-01-24,1997,4
E00170,M,Support Manager,Customer Support,4,NL BV,NL,Customer Support,Hengelo,CC740-NL,1.0,38,69551.0,0.0,0.0,1500.0,2021-10-18,1994,4
E00171,F,HR Manager,People,4,FR SAS,FR,People,Paris,CC860-FR,1.0,35,82438.0,0.0,0.0,1500.0,2007-11-05,1979,3
E00172,M,HR Assistant,People,1,NL BV,NL,People,Hengelo,CC860-NL,1.0,38,38536.0,0.0,0.0,0.0,2024-04-20,2002,3
E00173,M,Staff Engineer,Engineering,4,DE GmbH,DE,Engineering,Bremen,CC410-DE,1.0,40,96298.0,8379.0,0.0,1500.0,2018-11-11,1984,5
E00174,M,Engineer,Engineering,2,IE Ltd,IE,Engineering,Dublin,CC410-IE,1.0,39,60230.0,0.0,0.0,0.0,2015-11-16,1992,3
E00175,F,Accountant,Finance,2,IE Ltd,IE,Finance,Dublin,CC850-IE,1.0,39,49195.0,2999.0,0.0,0.0,2023-08-17,1988,4
E00176,F,Sales Associate,Sales,1,IE Ltd,IE,Sales,Dublin,CC520-IE,0.6,39,33441.0,3239.0,0.0,0.0,2021-12-18,2001,3
E00177,M,Senior Support Agent,Customer Support,2,IE Ltd,IE,Customer Support,Dublin,CC740-IE,1.0,39,38679.0,3421.0,0.0,0.0,2023-10-17,1995,2
E00178,F,Senior Engineer,Engineering,3,DE GmbH,DE,Engineering,Munich,CC410-DE,0.6,40,79984.0,0.0,0.0,0.0,2020-08-03,1990,3
E00179,M,Support Team Lead,Customer Support,3,DE GmbH,DE,Customer Support,Bremen,CC740-DE,1.0,40,58348.0,0.0,0.0,0.0,2022-11-20,1986,3
E00180,M,Sales Associate,Sales,1,DE GmbH,DE,Sales,Bremen,CC520-DE,1.0,40,45915.0,9645.0,0.0,0.0,2013-11-02,1998,2
E00181,M,VP Sales,Sales,6,FR SAS,FR,Sales,Toulouse,CC520-FR,1.0,35,153486.0,44417.0,6000.0,1500.0,2013-07-22,1973,4
E00182,F,Junior Engineer,Engineering,1,NL BV,NL,Engineering,Hengelo,CC410-NL,1.0,38,45739.0,0.0,0.0,0.0,2016-05-13,1992,4
E00183,F,Support Manager,Customer Support,4,DE GmbH,DE,Customer Support,Bremen,CC740-DE,1.0,40,70253.0,3638.0,0.0,0.0,2022-09-12,1989,4
E00184,M,HR Director,People,5,NL BV,NL,People,Rotterdam,CC860-NL,1.0,38,95825.0,5097.0,6000.0,1500.0,2020-11-01,1983,3
E00185,M,Support Manager,Customer Support,4,ES SL,ES,Customer Support,Madrid,CC740-ES,1.0,40,48567.0,2459.0,0.0,1500.0,2016-03-19,1988,3
E00186,F,Finance Assistant,Finance,1,NL BV,NL,Finance,Rotterdam,CC850-NL,0.6,38,36705.0,0.0,0.0,0.0,2025-05-29,1996,3
E00187,M,Finance Assistant,Finance,1,FR SAS,FR,Finance,Toulouse,CC850-FR,1.0,35,40625.0,0.0,0.0,0.0,2018-10-15,1996,3
E00188,F,Support Agent,Customer Support,1,IE Ltd,IE,Customer Support,Dublin,CC740-IE,1.0,39,39693.0,0.0,0.0,0.0,2016-04-18,1993,3
E00189,M,Account Executive,Sales,2,DE GmbH,DE,Sales,Bremen,CC520-DE,1.0,40,49204.0,19887.0,0.0,0.0,2020-05-26,1999,2
E00190,M,Warehouse Operative,Operations,1,IE Ltd,IE,Operations,Dublin,CC630-IE,1.0,39,31823.0,1206.0,0.0,0.0,2022-09-16,1996,4
E00191,M,Sales Manager,Sales,4,FR SAS,FR,Sales,Paris,CC520-FR,1.0,35,79147.0,20679.0,0.0,1500.0,2017-11-07,1985,3
E00192,F,Support Agent,Customer Support,1,ES SL,ES,Customer Support,Madrid,CC740-ES,1.0,40,23323.0,0.0,0.0,0.0,2022-12-12,2000,2
E00193,M,Engineer,Engineering,2,NL BV,NL,Engineering,Rotterdam,CC410-NL,1.0,38,60077.0,3695.0,0.0,0.0,2023-07-03,1993,3
E00194,F,HR Manager,People,4,ES SL,ES,People,Madrid,CC860-ES,1.0,40,50634.0,3644.0,0.0,1500.0,2022-09-24,1987,3
E00195,F,Accountant,Finance,2,DE GmbH,DE,Finance,Bremen,CC850-DE,0.5,40,56801.0,0.0,0.0,0.0,2016-02-15,1994,3
E00196,M,Head of Support,Customer Support,5,ES SL,ES,Customer Support,Madrid,CC740-ES,1.0,40,70019.0,4100.0,6000.0,1500.0,2019-01-01,1978,4
E00197,M,Support Manager,Customer Support,4,ES SL,ES,Customer Support,Madrid,CC740-ES,1.0,40,48482.0,3911.0,0.0,0.0,2023-09-13,1989,2
E00198,M,Support Manager,Customer Support,4,IE Ltd,IE,Customer Support,Dublin,CC740-IE,1.0,39,66065.0,2062.0,0.0,1500.0,2017-01-31,1987,2
E00199,M,HR Business Partner,People,3,DE GmbH,DE,People,Bremen,CC860-DE,0.6,40,58653.0,0.0,0.0,0.0,2024-03-15,1995,3
E00200,M,Senior Support Agent,Customer Support,2,DE GmbH,DE,Customer Support,Munich,CC740-DE,1.0,40,44036.0,0.0,0.0,0.0,2020-03-21,1992,3
E00201,M,Engineer,Engineering,2,ES SL,ES,Engineering,Madrid,CC410-ES,1.0,40,39283.0,0.0,0.0,0.0,2021-09-14,1989,3
E00202,F,Senior Account Executive,Sales,3,NL BV,NL,Sales,Rotterdam,CC520-NL,1.0,38,50043.0,9343.0,0.0,0.0,2019-04-02,1982,2
E00203,M,Finance Manager,Finance,4,IE Ltd,IE,Finance,Dublin,CC850-IE,1.0,39,88095.0,7160.0,0.0,0.0,2015-12-30,1975,3
E00204,M,Operations Manager,Operations,4,NL BV,NL,Operations,Hengelo,CC630-NL,1.0,38,61563.0,4104.0,0.0,1500.0,2021-11-25,1994,2
E00205,M,Junior Engineer,Engineering,1,FR SAS,FR,Engineering,Paris,CC410-FR,1.0,35,45576.0,3147.0,0.0,0.0,2018-04-20,1996,2
E00206,M,HR Generalist,People,2,DE GmbH,DE,People,Munich,CC860-DE,1.0,40,48976.0,0.0,0.0,0.0,2017-03-29,1993,3
E00207,M,Sales Associate,Sales,1,FR SAS,FR,Sales,Paris,CC520-FR,1.0,35,42265.0,20024.0,0.0,0.0,2022-05-09,1995,3
E00208,F,Support Agent,Customer Support,1,IE Ltd,IE,Customer Support,Dublin,CC740-IE,0.6,39,33099.0,1581.0,0.0,0.0,2019-05-19,1993,4
E00209,F,Shift Lead,Operations,2,DE GmbH,DE,Operations,Munich,CC630-DE,1.0,40,34809.0,1693.0,0.0,0.0,2023-07-01,1997,2
E00210,F,Sales Associate,Sales,1,IE Ltd,IE,Sales,Dublin,CC520-IE,0.6,39,40107.0,6601.0,0.0,0.0,2019-06-16,2001,4
E00211,F,HR Generalist,People,2,IE Ltd,IE,People,Dublin,CC860-IE,1.0,39,46279.0,0.0,0.0,0.0,2023-12-19,1996,3
E00212,F,HR Director,People,5,ES SL,ES,People,Madrid,CC860-ES,1.0,40,74331.0,5308.0,6000.0,1500.0,2022-08-30,1983,5
E00213,M,Senior Engineer,Engineering,3,NL BV,NL,Engineering,Rotterdam,CC410-NL,1.0,38,74560.0,6419.0,0.0,0.0,2013-02-05,1981,2
E00214,M,Shift Lead,Operations,2,NL BV,NL,Operations,Hengelo,CC630-NL,1.0,38,43142.0,0.0,3903.0,0.0,2019-06-04,1992,4
E00215,M,HR Business Partner,People,3,NL BV,NL,People,Hengelo,CC860-NL,1.0,38,59562.0,0.0,0.0,0.0,2023-12-22,1997,2
E00216,M,Account Executive,Sales,2,FR SAS,FR,Sales,Paris,CC520-FR,1.0,35,41704.0,8815.0,0.0,0.0,2023-08-19,2000,3
E00217,X,Junior Engineer,Engineering,1,IE Ltd,IE,Engineering,Dublin,CC410-IE,1.0,39,55639.0,2666.0,0.0,0.0,2018-05-23,1993,2
E00218,F,Warehouse Operative,Operations,1,ES SL,ES,Operations,Madrid,CC630-ES,1.0,40,20797.0,0.0,1476.0,0.0,2022-01-04,1995,2
E00219,M,Operations Supervisor,Operations,3,NL BV,NL,Operations,Hengelo,CC630-NL,1.0,38,55037.0,2082.0,0.0,0.0,2019-01-10,1995,3
E00220,M,Senior Support Agent,Customer Support,2,FR SAS,FR,Customer Support,Toulouse,CC740-FR,1.0,35,35732.0,1082.0,0.0,0.0,2019-10-17,1998,2
E00221,M,Operations Manager,Operations,4,IE Ltd,IE,Operations,Dublin,CC630-IE,1.0,39,60707.0,3095.0,0.0,1500.0,2018-12-15,1988,2
E00222,F,Account Executive,Sales,2,DE GmbH,DE,Sales,Munich,CC520-DE,1.0,40,43019.0,10751.0,0.0,0.0,2022-12-02,1998,3
E00223,F,Support Manager,Customer Support,4,FR SAS,FR,Customer Support,Paris,CC740-FR,1.0,35,72283.0,0.0,0.0,0.0,2020-04-24,1989,4
E00224,M,Engineer,Engineering,2,FR SAS,FR,Engineering,Paris,CC410-FR,1.0,35,58624.0,0.0,0.0,0.0,2022-02-09,1998,2
E00225,M,Chief People Officer,People,6,DE GmbH,DE,People,Bremen,CC860-DE,1.0,40,122880.0,6870.0,6000.0,1500.0,2021-10-03,1982,2
E00226,F,Accountant,Finance,2,NL BV,NL,Finance,Rotterdam,CC850-NL,0.5,38,46622.0,1799.0,0.0,0.0,2023-03-13,1992,4
E00227,F,Operations Supervisor,Operations,3,DE GmbH,DE,Operations,Munich,CC630-DE,1.0,40,54339.0,0.0,1900.0,0.0,2023-02-20,1995,5
E00228,M,Support Agent,Customer Support,1,DE GmbH,DE,Customer Support,Munich,CC740-DE,1.0,40,32346.0,2343.0,0.0,0.0,2024-01-18,2004,3
E00229,M,VP Sales,Sales,6,FR SAS,FR,Sales,Paris,CC520-FR,1.0,35,131366.0,44434.0,6000.0,1500.0,2013-08-27,1973,3
E00230,F,Warehouse Operative,Operations,1,FR SAS,FR,Operations,Paris,CC630-FR,1.0,35,32863.0,0.0,2111.0,0.0,2014-11-17,1994,4
E00231,F,Shift Lead,Operations,2,DE GmbH,DE,Operations,Munich,CC630-DE,0.6,40,44192.0,0.0,1827.0,0.0,2023-10-07,1995,4
E00232,F,Finance Assistant,Finance,1,ES SL,ES,Finance,Madrid,CC850-ES,1.0,40,25688.0,1096.0,0.0,0.0,2020-12-19,2001,4
E00233,M,Operations Supervisor,Operations,3,IE Ltd,IE,Operations,Dublin,CC630-IE,1.0,39,51700.0,2349.0,2017.0,0.0,2014-08-04,1988,3
E00234,F,HR Assistant,People,1,DE GmbH,DE,People,Munich,CC860-DE,1.0,40,35601.0,3593.0,0.0,0.0,2021-03-05,1998,2
E00235,F,HR Assistant,People,1,FR SAS,FR,People,Paris,CC860-FR,1.0,35,36651.0,3520.0,0.0,0.0,2023-07-25,2004,4
E00236,M,Operations Supervisor,Operations,3,IE Ltd,IE,Operations,Dublin,CC630-IE,1.0,39,49422.0,0.0,2298.0,0.0,2022-12-06,1986,3
E00237,F,HR Business Partner,People,3,DE GmbH,DE,People,Munich,CC860-DE,1.0,40,54418.0,4848.0,0.0,0.0,2022-10-06,1992,3
E00238,F,Sales Manager,Sales,4,IE Ltd,IE,Sales,Dublin,CC520-IE,1.0,39,85011.0,26865.0,0.0,1500.0,2018-06-19,1986,4
E00239,M,Warehouse Operative,Operations,1,FR SAS,FR,Operations,Toulouse,CC630-FR,1.0,35,26096.0,0.0,2377.0,0.0,2021-06-19,1997,3
E00240,M,Operations Supervisor,Operations,3,ES SL,ES,Operations,Madrid,CC630-ES,1.0,40,35222.0,0.0,1458.0,0.0,2022-11-30,1994,3
E00241,F,HR Generalist,People,2,ES SL,ES,People,Madrid,CC860-ES,0.8,40,30191.0,0.0,0.0,0.0,2023-12-24,1999,2
E00242,F,Accountant,Finance,2,ES SL,ES,Finance,Madrid,CC850-ES,1.0,40,34544.0,0.0,0.0,0.0,2018-06-14,1999,4
E00243,M,Shift Lead,Operations,2,FR SAS,FR,Operations,Toulouse,CC630-FR,1.0,35,41327.0,2131.0,0.0,0.0,2018-07-03,1993,3
E00244,M,Junior Engineer,Engineering,1,DE GmbH,DE,Engineering,Munich,CC410-DE,1.0,40,43925.0,2165.0,0.0,0.0,2023-10-28,2000,3
E00245,F,Operations Supervisor,Operations,3,DE GmbH,DE,Operations,Bremen,CC630-DE,0.5,40,58775.0,1017.0,2033.0,0.0,2020-04-09,1993,3
E00246,M,VP Sales,Sales,6,ES SL,ES,Sales,Madrid,CC520-ES,1.0,40,97846.0,39070.0,6000.0,0.0,2017-09-14,1974,3
E00247,M,Junior Engineer,Engineering,1,DE GmbH,DE,Engineering,Bremen,CC410-DE,1.0,40,48380.0,0.0,0.0,0.0,2024-04-30,1998,4
E00248,M,Senior Support Agent,Customer Support,2,DE GmbH,DE,Customer Support,Bremen,CC740-DE,1.0,40,49205.0,2253.0,0.0,0.0,2022-01-20,1993,3
E00249,M,Engineer,Engineering,2,DE GmbH,DE,Engineering,Bremen,CC410-DE,1.0,40,68770.0,8897.0,0.0,0.0,2019-05-01,1998,4
E00250,F,Finance Assistant,Finance,1,DE GmbH,DE,Finance,Bremen,CC850-DE,0.8,40,40184.0,3482.0,0.0,0.0,2021-12-06,1998,3
E00251,F,HR Generalist,People,2,ES SL,ES,People,Madrid,CC860-ES,1.0,40,33227.0,0.0,0.0,0.0,2019-03-08,1994,3
E00252,M,Accountant,Finance,2,ES SL,ES,Finance,Madrid,CC850-ES,1.0,40,37379.0,0.0,0.0,0.0,2018-07-04,1998,2
E00253,F,Finance Manager,Finance,4,NL BV,NL,Finance,Hengelo,CC850-NL,0.5,38,84787.0,2845.0,0.0,1500.0,2021-06-29,1985,4
E00254,M,Operations Supervisor,Operations,3,NL BV,NL,Operations,Hengelo,CC630-NL,1.0,38,54823.0,3923.0,3739.0,0.0,2015-11-04,1990,3
E00255,M,Operations Supervisor,Operations,3,ES SL,ES,Operations,Madrid,CC630-ES,1.0,40,39408.0,2101.0,2177.0,0.0,2019-09-17,1983,4
E00256,F,Support Manager,Customer Support,4,DE GmbH,DE,Customer Support,Munich,CC740-DE,0.8,40,69141.0,2782.0,0.0,1500.0,2019-09-26,1984,4
E00257,F,HR Manager,People,4,NL BV,NL,People,Rotterdam,CC860-NL,1.0,38,89261.0,7796.0,0.0,1500.0,2012-04-19,1986,4
E00258,M,Shift Lead,Operations,2,IE Ltd,IE,Operations,Dublin,CC630-IE,1.0,39,37951.0,0.0,2654.0,0.0,2020-08-11,1992,3
E00259,F,Senior Support Agent,Customer Support,2,ES SL,ES,Customer Support,Madrid,CC740-ES,1.0,40,26789.0,1472.0,0.0,0.0,2021-02-16,1989,3
E00260,M,Site Director,Operations,5,FR SAS,FR,Operations,Paris,CC630-FR,1.0,35,78789.0,4167.0,6000.0,1500.0,2021-05-23,1985,2
E00261,F,Engineer,Engineering,2,FR SAS,FR,Engineering,Paris,CC410-FR,1.0,35,55698.0,3738.0,0.0,0.0,2022-10-11,1997,4
E00262,F,Support Manager,Customer Support,4,NL BV,NL,Customer Support,Rotterdam,CC740-NL,1.0,38,72769.0,1979.0,0.0,1500.0,2021-06-22,1989,3
E00263,F,Senior Account Executive,Sales,3,IE Ltd,IE,Sales,Dublin,CC520-IE,0.6,39,64591.0,7522.0,0.0,0.0,2018-09-30,1984,3
E00264,F,Sales Manager,Sales,4,ES SL,ES,Sales,Madrid,CC520-ES,0.6,40,54839.0,4297.0,0.0,0.0,2022-08-27,1991,4
E00265,F,Senior Support Agent,Customer Support,2,NL BV,NL,Customer Support,Rotterdam,CC740-NL,1.0,38,38746.0,0.0,0.0,0.0,2022-08-17,1999,2
E00266,M,Chief People Officer,People,6,FR SAS,FR,People,Toulouse,CC860-FR,1.0,35,121399.0,11093.0,6000.0,0.0,2019-06-19,1981,4
E00267,M,Junior Engineer,Engineering,1,ES SL,ES,Engineering,Madrid,CC410-ES,1.0,40,30718.0,2953.0,0.0,0.0,2024-05-27,2004,3
E00268,X,Chief People Officer,People,6,ES SL,ES,People,Madrid,CC860-ES,1.0,40,93067.0,6144.0,6000.0,0.0,2015-04-16,1979,5
E00269,M,Operations Manager,Operations,4,DE GmbH,DE,Operations,Bremen,CC630-DE,1.0,40,71542.0,0.0,0.0,1500.0,2018-03-23,1990,3
E00270,M,Support Team Lead,Customer Support,3,ES SL,ES,Customer Support,Madrid,CC740-ES,1.0,40,35693.0,1557.0,0.0,0.0,2021-05-25,1993,3
E00271,M,Principal Engineer,Engineering,5,DE GmbH,DE,Engineering,Munich,CC410-DE,1.0,40,137958.0,0.0,6000.0,1500.0,2019-08-10,1982,2
E00272,F,Senior Support Agent,Customer Support,2,FR SAS,FR,Customer Support,Paris,CC740-FR,1.0,35,42265.0,1253.0,0.0,0.0,2019-08-12,1993,3
E00273,M,Senior Accountant,Finance,3,DE GmbH,DE,Finance,Munich,CC850-DE,1.0,40,61364.0,5753.0,0.0,0.0,2020-06-06,1990,3
E00274,F,Support Manager,Customer Support,4,ES SL,ES,Customer Support,Madrid,CC740-ES,1.0,40,46708.0,1582.0,0.0,0.0,2019-05-14,1985,3
E00275,M,Warehouse Operative,Operations,1,DE GmbH,DE,Operations,Bremen,CC630-DE,1.0,40,33801.0,0.0,3207.0,0.0,2021-02-07,2002,3
E00276,F,Support Agent,Customer Support,1,DE GmbH,DE,Customer Support,Bremen,CC740-DE,0.5,40,38378.0,0.0,0.0,0.0,2018-01-08,1997,3
E00277,M,Accountant,Finance,2,NL BV,NL,Finance,Rotterdam,CC850-NL,1.0,38,49433.0,4467.0,0.0,0.0,2021-12-05,1997,3
E00278,F,Principal Engineer,Engineering,5,FR SAS,FR,Engineering,Toulouse,CC410-FR,0.5,35,125113.0,9377.0,3000.0,1500.0,2018-08-31,1980,3
E00279,F,Senior Account Executive,Sales,3,FR SAS,FR,Sales,Paris,CC520-FR,1.0,35,57087.0,7858.0,0.0,0.0,2019-05-11,1996,2
E00280,F,HR Generalist,People,2,NL BV,NL,People,Hengelo,CC860-NL,1.0,38,45961.0,3749.0,0.0,0.0,2023-01-24,1999,2
E00281,M,HR Business Partner,People,3,ES SL,ES,People,Madrid,CC860-ES,1.0,40,42752.0,0.0,0.0,0.0,2020-01-22,1990,3
E00282,F,Support Agent,Customer Support,1,FR SAS,FR,Customer Support,Paris,CC740-FR,0.6,35,31169.0,1221.0,0.0,0.0,2022-08-01,2007,3
E00283,M,Senior Support Agent,Customer Support,2,FR SAS,FR,Customer Support,Paris,CC740-FR,1.0,35,41107.0,3178.0,0.0,0.0,2020-02-19,1998,3
E00284,M,Senior Support Agent,Customer Support,2,DE GmbH,DE,Customer Support,Bremen,CC740-DE,1.0,40,43557.0,0.0,0.0,0.0,2019-08-11,1997,2
E00285,F,Shift Lead,Operations,2,NL BV,NL,Operations,Hengelo,CC630-NL,1.0,38,34965.0,0.0,0.0,0.0,2024-12-13,1996,3
E00286,M,Warehouse Operative,Operations,1,NL BV,NL,Operations,Hengelo,CC630-NL,1.0,38,33237.0,1491.0,0.0,0.0,2024-10-08,1995,3
E00287,M,Sales Associate,Sales,1,FR SAS,FR,Sales,Paris,CC520-FR,1.0,35,37023.0,13194.0,0.0,0.0,2019-11-03,2002,3
E00288,M,Warehouse Operative,Operations,1,DE GmbH,DE,Operations,Bremen,CC630-DE,1.0,40,28773.0,1360.0,2693.0,0.0,2025-07-18,1991,3
E00289,M,Senior Account Executive,Sales,3,FR SAS,FR,Sales,Toulouse,CC520-FR,1.0,35,60306.0,17861.0,0.0,0.0,2022-04-03,1990,4
E00290,M,Senior Accountant,Finance,3,IE Ltd,IE,Finance,Dublin,CC850-IE,1.0,39,59974.0,2228.0,0.0,0.0,2023-10-21,1992,2
E00291,F,Account Executive,Sales,2,FR SAS,FR,Sales,Paris,CC520-FR,1.0,35,47178.0,9242.0,0.0,0.0,2023-02-22,1999,5
E00292,M,Senior Account Executive,Sales,3,DE GmbH,DE,Sales,Munich,CC520-DE,1.0,40,60523.0,25358.0,0.0,0.0,2023-07-25,1992,3
E00293,F,Operations Supervisor,Operations,3,IE Ltd,IE,Operations,Dublin,CC630-IE,1.0,39,45211.0,3712.0,2103.0,0.0,2018-02-10,1989,3
E00294,M,Account Executive,Sales,2,NL BV,NL,Sales,Rotterdam,CC520-NL,1.0,38,51676.0,12213.0,0.0,0.0,2023-08-11,1989,2
E00295,F,Warehouse Operative,Operations,1,IE Ltd,IE,Operations,Dublin,CC630-IE,1.0,39,30860.0,633.0,2505.0,0.0,2014-10-31,1995,3
E00296,M,Operations Supervisor,Operations,3,NL BV,NL,Operations,Rotterdam,CC630-NL,1.0,38,53042.0,4068.0,0.0,0.0,2023-07-11,2000,4
E00297,M,Accountant,Finance,2,NL BV,NL,Finance,Hengelo,CC850-NL,1.0,38,52958.0,8777.0,0.0,0.0,2023-07-08,1991,2
E00298,F,Junior Engineer,Engineering,1,ES SL,ES,Engineering,Madrid,CC410-ES,1.0,40,33895.0,3276.0,0.0,0.0,2020-01-30,1992,5
E00299,F,Senior Support Agent,Customer Support,2,DE GmbH,DE,Customer Support,Bremen,CC740-DE,0.6,40,45085.0,1839.0,0.0,0.0,2019-12-22,1989,2
E00300,F,Account Executive,Sales,2,FR SAS,FR,Sales,Toulouse,CC520-FR,1.0,35,42219.0,8926.0,0.0,0.0,2020-09-06,1998,4
E00301,M,Shift Lead,Operations,2,DE GmbH,DE,Operations,Munich,CC630-DE,1.0,40,41288.0,1423.0,2750.0,0.0,2024-11-13,1994,3
E00302,F,Senior Support Agent,Customer Support,2,ES SL,ES,Customer Support,Madrid,CC740-ES,0.6,40,29963.0,0.0,0.0,0.0,2014-03-26,1987,2
E00303,F,Senior Engineer,Engineering,3,ES SL,ES,Engineering,Madrid,CC410-ES,0.6,40,54403.0,2392.0,0.0,0.0,2016-01-02,1999,3
E00304,M,Junior Engineer,Engineering,1,FR SAS,FR,Engineering,Toulouse,CC410-FR,1.0,35,38488.0,3489.0,0.0,0.0,2023-12-17,2003,3
E00305,F,Support Agent,Customer Support,1,DE GmbH,DE,Customer Support,Munich,CC740-DE,1.0,40,31977.0,1817.0,0.0,0.0,2024-10-22,1998,4
E00306,M,Sales Associate,Sales,1,DE GmbH,DE,Sales,Bremen,CC520-DE,1.0,40,42891.0,6719.0,0.0,0.0,2025-02-22,2002,3
E00307,M,Account Executive,Sales,2,ES SL,ES,Sales,Madrid,CC520-ES,1.0,40,32515.0,8972.0,0.0,0.0,2024-03-01,1993,4
E00308,F,Senior Engineer,Engineering,3,ES SL,ES,Engineering,Madrid,CC410-ES,1.0,40,55498.0,5646.0,0.0,0.0,2022-02-17,1998,3
E00309,M,Engineer,Engineering,2,FR SAS,FR,Engineering,Toulouse,CC410-FR,1.0,35,50883.0,5445.0,0.0,0.0,2023-06-09,2000,2
E00310,M,Principal Engineer,Engineering,5,DE GmbH,DE,Engineering,Munich,CC410-DE,1.0,40,136223.0,10493.0,6000.0,0.0,2021-01-31,1982,3
E00311,F,Account Executive,Sales,2,ES SL,ES,Sales,Madrid,CC520-ES,1.0,40,33567.0,7508.0,0.0,0.0,2016-09-19,1993,3
E00312,F,Engineer,Engineering,2,IE Ltd,IE,Engineering,Dublin,CC410-IE,1.0,39,58579.0,0.0,0.0,0.0,2016-11-25,1994,3
E00313,F,Support Agent,Customer Support,1,ES SL,ES,Customer Support,Madrid,CC740-ES,0.5,40,19922.0,1224.0,0.0,0.0,2022-11-08,1996,3
E00314,M,Site Director,Operations,5,DE GmbH,DE,Operations,Bremen,CC630-DE,1.0,40,84328.0,3301.0,6000.0,1500.0,2022-05-30,1986,4
E00315,M,Shift Lead,Operations,2,FR SAS,FR,Operations,Toulouse,CC630-FR,1.0,35,38753.0,0.0,3020.0,0.0,2018-07-11,1987,4
E00316,M,Account Executive,Sales,2,FR SAS,FR,Sales,Paris,CC520-FR,1.0,35,42391.0,12837.0,0.0,0.0,2024-09-21,1996,3
E00317,M,Sales Manager,Sales,4,DE GmbH,DE,Sales,Bremen,CC520-DE,0.8,40,82170.0,32817.0,0.0,1500.0,2020-05-13,1986,3
E00318,M,Site Director,Operations,5,FR SAS,FR,Operations,Paris,CC630-FR,0.5,35,74251.0,1660.0,3000.0,1500.0,2023-01-30,1981,2
E00319,F,Site Director,Operations,5,DE GmbH,DE,Operations,Bremen,CC630-DE,1.0,40,81159.0,4945.0,6000.0,0.0,2020-02-04,1986,4
E00320,M,HR Director,People,5,IE Ltd,IE,People,Dublin,CC860-IE,1.0,39,92296.0,10551.0,6000.0,1500.0,2022-04-20,1980,3
E00321,F,HR Assistant,People,1,DE GmbH,DE,People,Munich,CC860-DE,1.0,40,40561.0,3023.0,0.0,0.0,2023-11-02,2000,4
E00322,M,Engineer,Engineering,2,IE Ltd,IE,Engineering,Dublin,CC410-IE,1.0,39,60362.0,3585.0,0.0,0.0,2020-09-28,1992,3
E00323,F,HR Assistant,People,1,NL BV,NL,People,Rotterdam,CC860-NL,0.5,38,36932.0,1467.0,0.0,0.0,2025-02-12,1998,3
E00324,F,HR Assistant,People,1,ES SL,ES,People,Madrid,CC860-ES,0.5,40,26170.0,730.0,0.0,0.0,2022-03-21,1996,3
E00325,M,Operations Supervisor,Operations,3,NL BV,NL,Operations,Rotterdam,CC630-NL,1.0,38,49213.0,2307.0,3037.0,0.0,2021-08-14,1982,2
E00326,F,Senior Support Agent,Customer Support,2,DE GmbH,DE,Customer Support,Bremen,CC740-DE,1.0,40,44083.0,5001.0,0.0,0.0,2022-09-14,1992,3
E00327,M,Engineer,Engineering,2,DE GmbH,DE,Engineering,Bremen,CC410-DE,1.0,40,68517.0,0.0,0.0,0.0,2023-10-12,1998,4
E00328,F,Senior Account Executive,Sales,3,DE GmbH,DE,Sales,Bremen,CC520-DE,0.8,40,62960.0,16034.0,0.0,0.0,2023-11-16,1984,4
E00329,F,Support Agent,Customer Support,1,DE GmbH,DE,Customer Support,Munich,CC740-DE,0.5,40,33879.0,1557.0,0.0,0.0,2015-10-06,1999,3
E00330,M,Senior Support Agent,Customer Support,2,DE GmbH,DE,Customer Support,Munich,CC740-DE,1.0,40,46998.0,2455.0,0.0,0.0,2023-11-26,1993,3
E00331,M,Operations Supervisor,Operations,3,DE GmbH,DE,Operations,Bremen,CC630-DE,0.8,40,60448.0,2755.0,2261.0,0.0,2019-10-24,1991,2
E00332,M,Finance Manager,Finance,4,FR SAS,FR,Finance,Toulouse,CC850-FR,0.6,35,72262.0,4113.0,0.0,0.0,2020-10-18,1986,4
E00333,F,Engineer,Engineering,2,FR SAS,FR,Engineering,Paris,CC410-FR,1.0,35,49655.0,3271.0,0.0,0.0,2019-05-22,1995,3
E00334,M,Engineering Director,Engineering,6,FR SAS,FR,Engineering,Paris,CC410-FR,1.0,35,154921.0,28558.0,6000.0,0.0,2019-03-06,1979,4
E00335,F,HR Generalist,People,2,ES SL,ES,People,Madrid,CC860-ES,0.6,40,34139.0,1308.0,0.0,0.0,2021-08-16,1990,2
E00336,M,Engineer,Engineering,2,ES SL,ES,Engineering,Madrid,CC410-ES,1.0,40,42153.0,0.0,0.0,0.0,2020-12-08,1998,4
E00337,F,Senior Account Executive,Sales,3,ES SL,ES,Sales,Madrid,CC520-ES,1.0,40,40698.0,10943.0,0.0,0.0,2019-06-19,1988,2
E00338,M,Junior Engineer,Engineering,1,FR SAS,FR,Engineering,Toulouse,CC410-FR,1.0,35,37456.0,0.0,0.0,0.0,2021-09-21,2006,2
E00339,F,Senior Support Agent,Customer Support,2,IE Ltd,IE,Customer Support,Dublin,CC740-IE,0.8,39,37630.0,974.0,0.0,0.0,2022-06-04,1994,1
E00340,M,Operations Manager,Operations,4,NL BV,NL,Operations,Rotterdam,CC630-NL,1.0,38,56863.0,0.0,0.0,1500.0,2023-08-29,1986,4
E00341,M,Sales Manager,Sales,4,IE Ltd,IE,Sales,Dublin,CC520-IE,1.0,39,71714.0,26185.0,0.0,1500.0,2022-10-07,1994,2
E00342,X,Staff Engineer,Engineering,4,IE Ltd,IE,Engineering,Dublin,CC410-IE,1.0,39,110017.0,5977.0,0.0,0.0,2019-08-06,1989,3
E00343,F,HR Manager,People,4,IE Ltd,IE,People,Dublin,CC860-IE,1.0,39,83321.0,5629.0,0.0,1500.0,2017-06-13,1985,3
E00344,F,HR Assistant,People,1,FR SAS,FR,People,Paris,CC860-FR,0.6,35,33208.0,959.0,0.0,0.0,2023-05-27,2004,4
E00345,F,Finance Assistant,Finance,1,NL BV,NL,Finance,Hengelo,CC850-NL,1.0,38,40903.0,0.0,0.0,0.0,2022-10-22,1998,3
E00346,M,Senior Engineer,Engineering,3,ES SL,ES,Engineering,Madrid,CC410-ES,1.0,40,58505.0,5955.0,0.0,0.0,2022-02-10,1992,3
E00347,F,HR Assistant,People,1,DE GmbH,DE,People,Munich,CC860-DE,1.0,40,39205.0,3379.0,0.0,0.0,2020-04-26,2001,4
E00348,M,Accountant,Finance,2,IE Ltd,IE,Finance,Dublin,CC850-IE,1.0,39,50229.0,4879.0,0.0,0.0,2024-08-25,2003,2
E00349,M,Site Director,Operations,5,FR SAS,FR,Operations,Toulouse,CC630-FR,1.0,35,86387.0,4630.0,6000.0,1500.0,2014-05-27,1975,4
E00350,F,Head of Support,Customer Support,5,DE GmbH,DE,Customer Support,Bremen,CC740-DE,1.0,40,91760.0,3209.0,6000.0,0.0,2020-02-21,1988,3
E00351,M,Junior Engineer,Engineering,1,DE GmbH,DE,Engineering,Munich,CC410-DE,1.0,40,50903.0,3733.0,0.0,0.0,2024-06-04,1999,4
E00352,F,Finance Assistant,Finance,1,ES SL,ES,Finance,Madrid,CC850-ES,0.6,40,27265.0,0.0,0.0,0.0,2021-09-28,1995,2
E00353,F,Junior Engineer,Engineering,1,FR SAS,FR,Engineering,Toulouse,CC410-FR,1.0,35,41315.0,0.0,0.0,0.0,2020-10-01,1998,2
E00354,F,Shift Lead,Operations,2,FR SAS,FR,Operations,Paris,CC630-FR,0.8,35,35444.0,1483.0,1432.0,0.0,2024-04-09,1999,3
E00355,F,Senior Account Executive,Sales,3,IE Ltd,IE,Sales,Dublin,CC520-IE,1.0,39,60701.0,14860.0,0.0,0.0,2014-12-04,1984,2
E00356,M,Support Agent,Customer Support,1,NL BV,NL,Customer Support,Rotterdam,CC740-NL,1.0,38,33928.0,0.0,0.0,0.0,2024-02-01,1992,3
E00357,F,Regional Sales Director,Sales,5,DE GmbH,DE,Sales,Munich,CC520-DE,1.0,40,110988.0,21538.0,6000.0,0.0,2011-06-09,1978,4
E00358,M,Operations Manager,Operations,4,FR SAS,FR,Operations,Paris,CC630-FR,1.0,35,61167.0,0.0,0.0,0.0,2021-11-18,1992,2
E00359,M,Head of Support,Customer Support,5,IE Ltd,IE,Customer Support,Dublin,CC740-IE,1.0,39,78369.0,2539.0,6000.0,0.0,2020-08-02,1984,3
E00360,M,HR Manager,People,4,DE GmbH,DE,People,Munich,CC860-DE,1.0,40,82152.0,5804.0,0.0,0.0,2020-01-09,1983,2
E00361,M,Account Executive,Sales,2,FR SAS,FR,Sales,Toulouse,CC520-FR,1.0,35,42874.0,8778.0,0.0,0.0,2018-10-27,1993,2
E00362,F,Finance Director,Finance,5,IE Ltd,IE,Finance,Dublin,CC850-IE,1.0,39,115488.0,18978.0,6000.0,1500.0,2013-05-18,1980,5
E00363,F,Staff Engineer,Engineering,4,DE GmbH,DE,Engineering,Bremen,CC410-DE,1.0,40,106152.0,6878.0,0.0,1500.0,2014-08-15,1984,1
E00364,M,Support Team Lead,Customer Support,3,NL BV,NL,Customer Support,Hengelo,CC740-NL,0.6,38,54222.0,866.0,0.0,0.0,2022-04-29,1995,4
E00365,F,Junior Engineer,Engineering,1,FR SAS,FR,Engineering,Paris,CC410-FR,1.0,35,38523.0,2920.0,0.0,0.0,2014-04-13,1991,2
E00366,F,Senior Support Agent,Customer Support,2,NL BV,NL,Customer Support,Rotterdam,CC740-NL,1.0,38,42966.0,2383.0,0.0,0.0,2022-05-05,1990,4
E00367,F,Warehouse Operative,Operations,1,FR SAS,FR,Operations,Paris,CC630-FR,0.5,35,26450.0,714.0,1120.0,0.0,2021-04-27,1991,2
E00368,F,Accountant,Finance,2,ES SL,ES,Finance,Madrid,CC850-ES,1.0,40,30414.0,5257.0,0.0,0.0,2023-04-01,1998,4
E00369,M,Principal Engineer,Engineering,5,DE GmbH,DE,Engineering,Bremen,CC410-DE,1.0,40,138142.0,11163.0,6000.0,0.0,2020-12-29,1992,4
E00370,M,Operations Supervisor,Operations,3,ES SL,ES,Operations,Madrid,CC630-ES,1.0,40,41043.0,3675.0,1294.0,0.0,2022-05-23,1988,3
E00371,F,Sales Associate,Sales,1,DE GmbH,DE,Sales,Bremen,CC520-DE,0.8,40,33214.0,6221.0,0.0,0.0,2024-07-05,2001,3
E00372,F,Accountant,Finance,2,IE Ltd,IE,Finance,Dublin,CC850-IE,1.0,39,53240.0,0.0,0.0,0.0,2022-05-27,1992,3
E00373,F,HR Assistant,People,1,DE GmbH,DE,People,Munich,CC860-DE,0.8,40,51445.0,5167.0,0.0,0.0,2021-05-15,1998,4
E00374,M,Operations Supervisor,Operations,3,IE Ltd,IE,Operations,Dublin,CC630-IE,1.0,39,49850.0,3053.0,0.0,0.0,2014-12-01,1990,3
E00375,M,Staff Engineer,Engineering,4,ES SL,ES,Engineering,Madrid,CC410-ES,1.0,40,68920.0,3208.0,0.0,1500.0,2020-07-15,1982,3
E00376,F,VP Customer Experience,Customer Support,6,FR SAS,FR,Customer Support,Paris,CC740-FR,1.0,35,102860.0,3460.0,6000.0,0.0,2020-02-17,1978,3
E00377,M,HR Generalist,People,2,ES SL,ES,People,Madrid,CC860-ES,1.0,40,30120.0,1203.0,0.0,0.0,2023-11-05,1993,3
E00378,M,HR Generalist,People,2,NL BV,NL,People,Rotterdam,CC860-NL,1.0,38,42361.0,0.0,0.0,0.0,2024-03-27,1994,2
E00379,F,Regional Sales Director,Sales,5,DE GmbH,DE,Sales,Bremen,CC520-DE,1.0,40,85952.0,27844.0,6000.0,1500.0,2021-04-20,1989,3
E00380,F,Regional Sales Director,Sales,5,FR SAS,FR,Sales,Paris,CC520-FR,0.8,35,92059.0,12363.0,4800.0,0.0,2019-05-19,1980,3
E00381,M,HR Generalist,People,2,DE GmbH,DE,People,Bremen,CC860-DE,0.6,40,48945.0,1673.0,0.0,0.0,2020-04-01,1996,3
E00382,F,HR Assistant,People,1,FR SAS,FR,People,Paris,CC860-FR,1.0,35,32500.0,3652.0,0.0,0.0,2025-05-23,1999,3
E00383,F,Shift Lead,Operations,2,DE GmbH,DE,Operations,Bremen,CC630-DE,1.0,40,40594.0,0.0,0.0,0.0,2020-06-16,1992,4
E00384,F,Support Agent,Customer Support,1,FR SAS,FR,Customer Support,Paris,CC740-FR,1.0,35,32190.0,1637.0,0.0,0.0,2022-12-05,1993,2
E00385,F,Engineer,Engineering,2,IE Ltd,IE,Engineering,Dublin,CC410-IE,1.0,39,52745.0,0.0,0.0,0.0,2021-04-23,1996,1
E00386,F,Support Agent,Customer Support,1,NL BV,NL,Customer Support,Rotterdam,CC740-NL,1.0,38,27629.0,1329.0,0.0,0.0,2019-12-04,2002,4
E00387,M,Support Manager,Customer Support,4,IE Ltd,IE,Customer Support,Dublin,CC740-IE,1.0,39,72177.0,5010.0,0.0,0.0,2020-12-03,1990,4
E00388,F,HR Manager,People,4,FR SAS,FR,People,Paris,CC860-FR,0.5,35,79565.0,4579.0,0.0,0.0,2022-01-20,1981,4
E00389,M,Shift Lead,Operations,2,FR SAS,FR,Operations,Paris,CC630-FR,1.0,35,39783.0,3267.0,0.0,0.0,2024-05-07,1994,3
E00390,M,Senior Engineer,Engineering,3,FR SAS,FR,Engineering,Toulouse,CC410-FR,1.0,35,78096.0,5204.0,0.0,0.0,2022-01-03,1993,4
E00391,M,Junior Engineer,Engineering,1,FR SAS,FR,Engineering,Paris,CC410-FR,1.0,35,42737.0,0.0,0.0,0.0,2023-08-28,1996,3
E00392,M,Shift Lead,Operations,2,FR SAS,FR,Operations,Toulouse,CC630-FR,1.0,35,37671.0,2104.0,2411.0,0.0,2018-12-31,1997,2
E00393,F,Senior Support Agent,Customer Support,2,IE Ltd,IE,Customer Support,Dublin,CC740-IE,1.0,39,39440.0,2046.0,0.0,0.0,2022-08-16,1991,3
E00394,M,Operations Supervisor,Operations,3,ES SL,ES,Operations,Madrid,CC630-ES,1.0,40,36804.0,2041.0,1824.0,0.0,2020-12-16,1996,4
E00395,M,HR Assistant,People,1,FR SAS,FR,People,Toulouse,CC860-FR,1.0,35,31890.0,0.0,0.0,0.0,2025-06-04,1996,3
E00396,F,Sales Associate,Sales,1,DE GmbH,DE,Sales,Bremen,CC520-DE,1.0,40,36890.0,16689.0,0.0,0.0,2020-06-22,2001,4
E00397,M,Support Agent,Customer Support,1,ES SL,ES,Customer Support,Madrid,CC740-ES,1.0,40,23224.0,1608.0,0.0,0.0,2022-06-18,1999,1
E00398,M,Senior Engineer,Engineering,3,ES SL,ES,Engineering,Madrid,CC410-ES,1.0,40,57381.0,4585.0,0.0,0.0,2019-05-24,1985,4
E00399,M,Shift Lead,Operations,2,IE Ltd,IE,Operations,Dublin,CC630-IE,0.5,39,38506.0,0.0,1711.0,0.0,2021-05-01,1998,3
E00400,M,Warehouse Operative,Operations,1,FR SAS,FR,Operations,Toulouse,CC630-FR,1.0,35,28671.0,1470.0,2615.0,0.0,2022-12-20,1996,3
E00401,F,Sales Associate,Sales,1,DE GmbH,DE,Sales,Munich,CC520-DE,1.0,40,34077.0,4625.0,0.0,0.0,2024-01-16,2001,3
E00402,M,Finance Manager,Finance,4,NL BV,NL,Finance,Hengelo,CC850-NL,1.0,38,93845.0,14005.0,0.0,1500.0,2021-05-27,1988,3
E00403,M,Engineer,Engineering,2,NL BV,NL,Engineering,Hengelo,CC410-NL,1.0,38,60932.0,8016.0,0.0,0.0,2020-04-06,1985,4
E00404,M,Junior Engineer,Engineering,1,DE GmbH,DE,Engineering,Munich,CC410-DE,1.0,40,51231.0,6507.0,0.0,0.0,2023-05-27,1999,4
E00405,M,Principal Engineer,Engineering,5,NL BV,NL,Engineering,Hengelo,CC410-NL,0.5,38,124330.0,5237.0,3000.0,1500.0,2018-09-13,1986,3
E00406,F,Senior Accountant,Finance,3,NL BV,NL,Finance,Rotterdam,CC850-NL,0.8,38,62418.0,0.0,0.0,0.0,2023-02-14,1986,4
E00407,M,Head of Support,Customer Support,5,DE GmbH,DE,Customer Support,Munich,CC740-DE,1.0,40,79729.0,2709.0,6000.0,0.0,2020-05-02,1989,4
E00408,M,Sales Associate,Sales,1,DE GmbH,DE,Sales,Bremen,CC520-DE,1.0,40,42312.0,9238.0,0.0,0.0,2020-07-09,1996,4
E00409,F,Support Manager,Customer Support,4,DE GmbH,DE,Customer Support,Munich,CC740-DE,1.0,40,70130.0,5686.0,0.0,1500.0,2019-03-20,1986,3
E00410,F,HR Director,People,5,NL BV,NL,People,Rotterdam,CC860-NL,1.0,38,104669.0,12756.0,6000.0,1500.0,2021-10-30,1988,5
E00411,M,HR Generalist,People,2,DE GmbH,DE,People,Munich,CC860-DE,1.0,40,47031.0,2801.0,0.0,0.0,2024-06-09,2000,2
E00412,M,Finance Director,Finance,5,ES SL,ES,Finance,Madrid,CC850-ES,1.0,40,95127.0,16675.0,6000.0,0.0,2016-10-20,1982,5
E00413,M,Senior Engineer,Engineering,3,ES SL,ES,Engineering,Madrid,CC410-ES,1.0,40,46978.0,5797.0,0.0,0.0,2022-08-31,1998,3
E00414,F,Support Agent,Customer Support,1,NL BV,NL,Customer Support,Rotterdam,CC740-NL,0.6,38,30139.0,0.0,0.0,0.0,2018-12-02,1995,3
E00415,M,Support Agent,Customer Support,1,ES SL,ES,Customer Support,Madrid,CC740-ES,1.0,40,20885.0,0.0,0.0,0.0,2023-05-21,1995,3
E00416,M,Senior Support Agent,Customer Support,2,ES SL,ES,Customer Support,Madrid,CC740-ES,1.0,40,28940.0,0.0,0.0,0.0,2020-01-14,1993,2
E00417,F,Account Executive,Sales,2,IE Ltd,IE,Sales,Dublin,CC520-IE,1.0,39,42844.0,0.0,0.0,0.0,2022-02-19,1994,3
E00418,M,Senior Support Agent,Customer Support,2,IE Ltd,IE,Customer Support,Dublin,CC740-IE,1.0,39,45115.0,1806.0,0.0,0.0,2014-06-10,1990,4
E00419,F,Junior Engineer,Engineering,1,FR SAS,FR,Engineering,Toulouse,CC410-FR,1.0,35,44045.0,0.0,0.0,0.0,2025-05-02,2004,3
E00420,F,Shift Lead,Operations,2,FR SAS,FR,Operations,Paris,CC630-FR,1.0,35,32112.0,1406.0,2675.0,0.0,2023-04-28,1997,2
E00421,F,Account Executive,Sales,2,ES SL,ES,Sales,Madrid,CC520-ES,1.0,40,34079.0,9631.0,0.0,0.0,2018-08-27,1994,3
E00422,F,Operations Supervisor,Operations,3,FR SAS,FR,Operations,Toulouse,CC630-FR,0.5,35,45631.0,1356.0,0.0,0.0,2022-03-17,1987,4
E00423,F,Support Team Lead,Customer Support,3,FR SAS,FR,Customer Support,Paris,CC740-FR,1.0,35,51202.0,3322.0,0.0,0.0,2016-01-18,1987,3
E00424,M,VP Sales,Sales,6,FR SAS,FR,Sales,Paris,CC520-FR,1.0,35,129573.0,25746.0,6000.0,0.0,2020-11-28,1973,2
E00425,M,Staff Engineer,Engineering,4,NL BV,NL,Engineering,Rotterdam,CC410-NL,1.0,38,96464.0,5753.0,0.0,0.0,2021-09-07,1992,2
E00426,F,Senior Accountant,Finance,3,ES SL,ES,Finance,Madrid,CC850-ES,1.0,40,43643.0,0.0,0.0,0.0,2023-09-07,1997,3
E00427,M,Senior Accountant,Finance,3,DE GmbH,DE,Finance,Munich,CC850-DE,1.0,40,65253.0,0.0,0.0,0.0,2024-01-21,1990,3
E00428,X,Senior Engineer,Engineering,3,ES SL,ES,Engineering,Madrid,CC410-ES,1.0,40,57348.0,0.0,0.0,0.0,2023-01-24,1993,3
E00429,M,Warehouse Operative,Operations,1,DE GmbH,DE,Operations,Munich,CC630-DE,1.0,40,29241.0,2614.0,1831.0,0.0,2024-02-27,1996,3
E00430,F,Support Agent,Customer Support,1,FR SAS,FR,Customer Support,Paris,CC740-FR,1.0,35,31553.0,1594.0,0.0,0.0,2023-02-13,2006,3
E00431,F,Senior Accountant,Finance,3,FR SAS,FR,Finance,Toulouse,CC850-FR,0.8,35,70073.0,8712.0,0.0,0.0,2023-11-21,1991,4
E00432,M,Engineer,Engineering,2,DE GmbH,DE,Engineering,Bremen,CC410-DE,1.0,40,58611.0,0.0,0.0,0.0,2024-10-15,1996,3
E00433,F,Senior Support Agent,Customer Support,2,DE GmbH,DE,Customer Support,Bremen,CC740-DE,1.0,40,49229.0,0.0,0.0,0.0,2018-05-30,1996,2
E00434,M,Sales Manager,Sales,4,DE GmbH,DE,Sales,Bremen,CC520-DE,1.0,40,81973.0,25722.0,0.0,1500.0,2021-06-12,1990,4
E00435,F,Senior Support Agent,Customer Support,2,FR SAS,FR,Customer Support,Paris,CC740-FR,1.0,35,37717.0,1129.0,0.0,0.0,2024-07-04,1995,3
E00436,F,Account Executive,Sales,2,IE Ltd,IE,Sales,Dublin,CC520-IE,1.0,39,40351.0,9707.0,0.0,0.0,2023-02-25,1993,2
E00437,M,Senior Account Executive,Sales,3,DE GmbH,DE,Sales,Bremen,CC520-DE,1.0,40,64197.0,35101.0,0.0,0.0,2023-09-21,1994,4
E00438,M,Staff Engineer,Engineering,4,IE Ltd,IE,Engineering,Dublin,CC410-IE,1.0,39,97647.0,16597.0,0.0,0.0,2022-11-30,1992,3
E00439,F,Support Agent,Customer Support,1,DE GmbH,DE,Customer Support,Munich,CC740-DE,0.8,40,36000.0,1412.0,0.0,0.0,2019-05-16,1990,2
E00440,F,HR Generalist,People,2,FR SAS,FR,People,Toulouse,CC860-FR,1.0,35,43717.0,3104.0,0.0,0.0,2020-09-30,1988,2
E00441,M,Support Agent,Customer Support,1,DE GmbH,DE,Customer Support,Munich,CC740-DE,1.0,40,41442.0,2256.0,0.0,0.0,2022-08-03,2000,3
E00442,M,HR Generalist,People,2,DE GmbH,DE,People,Bremen,CC860-DE,1.0,40,51808.0,4635.0,0.0,0.0,2024-02-04,1994,3
E00443,F,Staff Engineer,Engineering,4,DE GmbH,DE,Engineering,Munich,CC410-DE,1.0,40,99473.0,6650.0,0.0,0.0,2022-01-11,1986,3
E00444,M,Shift Lead,Operations,2,IE Ltd,IE,Operations,Dublin,CC630-IE,1.0,39,38853.0,1157.0,2780.0,0.0,2015-10-22,1990,3
E00445,M,Accountant,Finance,2,FR SAS,FR,Finance,Toulouse,CC850-FR,1.0,35,57638.0,4461.0,0.0,0.0,2015-07-27,1996,4
E00446,F,Shift Lead,Operations,2,NL BV,NL,Operations,Rotterdam,CC630-NL,1.0,38,34571.0,1125.0,0.0,0.0,2021-10-23,1999,3
E00447,F,Warehouse Operative,Operations,1,NL BV,NL,Operations,Hengelo,CC630-NL,1.0,38,31773.0,773.0,3048.0,0.0,2019-05-19,1998,3
E00448,M,Engineer,Engineering,2,NL BV,NL,Engineering,Hengelo,CC410-NL,1.0,38,56720.0,4115.0,0.0,0.0,2022-06-30,1998,2
E00449,M,Engineer,Engineering,2,IE Ltd,IE,Engineering,Dublin,CC410-IE,0.5,39,63327.0,2458.0,0.0,0.0,2020-05-01,1992,3
E00450,M,Warehouse Operative,Operations,1,ES SL,ES,Operations,Madrid,CC630-ES,1.0,40,24047.0,1523.0,1852.0,0.0,2019-03-16,1994,4
E00451,M,Sales Manager,Sales,4,DE GmbH,DE,Sales,Bremen,CC520-DE,1.0,40,84094.0,23851.0,0.0,1500.0,2020-07-10,1991,2
E00452,F,Operations Supervisor,Operations,3,FR SAS,FR,Operations,Toulouse,CC630-FR,1.0,35,48134.0,1860.0,1683.0,0.0,2020-11-30,1990,3
E00453,F,Support Team Lead,Customer Support,3,ES SL,ES,Customer Support,Madrid,CC740-ES,0.8,40,37512.0,1757.0,0.0,0.0,2023-03-04,1995,4
E00454,M,Staff Engineer,Engineering,4,ES SL,ES,Engineering,Madrid,CC410-ES,1.0,40,65489.0,7137.0,0.0,1500.0,2021-06-18,1990,2
E00455,M,Support Team Lead,Customer Support,3,DE GmbH,DE,Customer Support,Munich,CC740-DE,1.0,40,63789.0,0.0,0.0,0.0,2020-07-29,1991,2
E00456,F,Shift Lead,Operations,2,FR SAS,FR,Operations,Paris,CC630-FR,0.5,35,37599.0,1182.0,1211.0,0.0,2021-03-02,1993,2
E00457,F,Support Agent,Customer Support,1,NL BV,NL,Customer Support,Hengelo,CC740-NL,0.8,38,34569.0,2538.0,0.0,0.0,2018-11-13,1990,3
E00458,F,Warehouse Operative,Operations,1,DE GmbH,DE,Operations,Bremen,CC630-DE,1.0,40,32398.0,1965.0,2909.0,0.0,2019-03-29,1992,3
E00459,M,Engineer,Engineering,2,ES SL,ES,Engineering,Madrid,CC410-ES,1.0,40,47330.0,3651.0,0.0,0.0,2020-07-19,1986,4
E00460,M,Shift Lead,Operations,2,NL BV,NL,Operations,Hengelo,CC630-NL,1.0,38,39986.0,0.0,0.0,0.0,2022-11-20,2000,4
E00461,F,Senior Engineer,Engineering,3,ES SL,ES,Engineering,Madrid,CC410-ES,1.0,40,55254.0,8438.0,0.0,0.0,2024-03-29,2000,3
E00462,F,Senior Account Executive,Sales,3,IE Ltd,IE,Sales,Dublin,CC520-IE,0.5,39,68814.0,7819.0,0.0,0.0,2019-05-01,1995,2
E00463,F,Sales Manager,Sales,4,NL BV,NL,Sales,Rotterdam,CC520-NL,1.0,38,85898.0,14339.0,0.0,0.0,2022-02-21,1980,4
E00464,F,HR Director,People,5,FR SAS,FR,People,Toulouse,CC860-FR,1.0,35,96188.0,5984.0,6000.0,0.0,2015-07-07,1986,3
E00465,M,Engineer,Engineering,2,FR SAS,FR,Engineering,Paris,CC410-FR,1.0,35,60424.0,3753.0,0.0,0.0,2020-05-03,1994,2
E00466,M,HR Business Partner,People,3,NL BV,NL,People,Hengelo,CC860-NL,1.0,38,63628.0,6133.0,0.0,0.0,2020-02-29,1982,3
E00467,M,Staff Engineer,Engineering,4,NL BV,NL,Engineering,Rotterdam,CC410-NL,1.0,38,102262.0,6243.0,0.0,0.0,2020-09-12,1988,2
E00468,M,Senior Account Executive,Sales,3,FR SAS,FR,Sales,Paris,CC520-FR,1.0,35,63850.0,18474.0,0.0,0.0,2020-12-12,1991,5
E00469,F,Support Agent,Customer Support,1,DE GmbH,DE,Customer Support,Bremen,CC740-DE,1.0,40,34602.0,0.0,0.0,0.0,2023-01-10,2000,4
E00470,M,Sales Associate,Sales,1,IE Ltd,IE,Sales,Dublin,CC520-IE,1.0,39,32854.0,0.0,0.0,0.0,2023-02-07,1996,3
E00471,M,Engineer,Engineering,2,DE GmbH,DE,Engineering,Bremen,CC410-DE,1.0,40,64263.0,5596.0,0.0,0.0,2023-12-31,2002,4
E00472,M,Operations Manager,Operations,4,IE Ltd,IE,Operations,Dublin,CC630-IE,1.0,39,66590.0,0.0,0.0,0.0,2020-05-08,1980,3
E00473,F,HR Business Partner,People,3,NL BV,NL,People,Hengelo,CC860-NL,1.0,38,60678.0,7648.0,0.0,0.0,2019-06-30,1987,3
E00474,M,HR Director,People,5,NL BV,NL,People,Rotterdam,CC860-NL,1.0,38,101910.0,11046.0,6000.0,0.0,2019-08-04,1978,3
E00475,F,Operations Supervisor,Operations,3,ES SL,ES,Operations,Madrid,CC630-ES,0.8,40,34931.0,0.0,1376.0,0.0,2021-02-21,1991,3
E00476,F,Regional Sales Director,Sales,5,DE GmbH,DE,Sales,Munich,CC520-DE,1.0,40,92910.0,15001.0,6000.0,1500.0,2022-01-04,1990,1
E00477,M,HR Assistant,People,1,NL BV,NL,People,Rotterdam,CC860-NL,1.0,38,30399.0,0.0,0.0,0.0,2019-11-27,1993,4
E00478,F,Staff Engineer,Engineering,4,ES SL,ES,Engineering,Madrid,CC410-ES,1.0,40,68242.0,4464.0,0.0,1500.0,2021-10-21,1989,3
E00479,M,Finance Manager,Finance,4,DE GmbH,DE,Finance,Bremen,CC850-DE,1.0,40,93527.0,21110.0,0.0,1500.0,2016-12-27,1984,4
E00480,M,Shift Lead,Operations,2,FR SAS,FR,Operations,Toulouse,CC630-FR,1.0,35,37158.0,3185.0,3006.0,0.0,2017-07-07,1996,4
E00481,M,Engineering Director,Engineering,6,DE GmbH,DE,Engineering,Bremen,CC410-DE,1.0,40,163945.0,8333.0,6000.0,0.0,2020-09-25,1978,3
E00482,M,Sales Associate,Sales,1,ES SL,ES,Sales,Madrid,CC520-ES,1.0,40,29527.0,10335.0,0.0,0.0,2020-08-21,1999,3
E00483,M,Support Team Lead,Customer Support,3,DE GmbH,DE,Customer Support,Bremen,CC740-DE,1.0,40,59711.0,2599.0,0.0,0.0,2021-11-18,1986,3
E00484,M,Support Agent,Customer Support,1,ES SL,ES,Customer Support,Madrid,CC740-ES,1.0,40,24230.0,1422.0,0.0,0.0,2024-03-19,1999,4
E00485,M,Junior Engineer,Engineering,1,DE GmbH,DE,Engineering,Munich,CC410-DE,1.0,40,52588.0,0.0,0.0,0.0,2021-01-03,2002,3
E00486,F,Support Team Lead,Customer Support,3,ES SL,ES,Customer Support,Madrid,CC740-ES,1.0,40,38152.0,2438.0,0.0,0.0,2020-05-16,1992,2
E00487,M,VP Sales,Sales,6,ES SL,ES,Sales,Madrid,CC520-ES,1.0,40,92610.0,24225.0,6000.0,0.0,2014-02-10,1983,2
E00488,M,Warehouse Operative,Operations,1,FR SAS,FR,Operations,Toulouse,CC630-FR,1.0,35,30376.0,1685.0,0.0,0.0,2023-11-19,2000,3
E00489,M,Senior Engineer,Engineering,3,IE Ltd,IE,Engineering,Dublin,CC410-IE,1.0,39,69559.0,5128.0,0.0,0.0,2021-10-31,1991,2
E00490,F,Senior Support Agent,Customer Support,2,DE GmbH,DE,Customer Support,Munich,CC740-DE,1.0,40,41907.0,2603.0,0.0,0.0,2021-10-20,1991,4
E00491,F,HR Assistant,People,1,IE Ltd,IE,People,Dublin,CC860-IE,1.0,39,43905.0,2842.0,0.0,0.0,2014-04-10,1994,4
E00492,F,Support Team Lead,Customer Support,3,FR SAS,FR,Customer Support,Paris,CC740-FR,1.0,35,55875.0,2561.0,0.0,0.0,2020-11-19,1990,3
E00493,F,HR Generalist,People,2,ES SL,ES,People,Madrid,CC860-ES,0.6,40,29958.0,1555.0,0.0,0.0,2023-05-04,1994,3
E00494,M,Support Agent,Customer Support,1,ES SL,ES,Customer Support,Madrid,CC740-ES,1.0,40,20762.0,749.0,0.0,0.0,2025-03-02,2005,4
E00495,M,Staff Engineer,Engineering,4,ES SL,ES,Engineering,Madrid,CC410-ES,1.0,40,78082.0,12640.0,0.0,1500.0,2012-03-19,1981,3
E00496,M,Sales Manager,Sales,4,FR SAS,FR,Sales,Toulouse,CC520-FR,1.0,35,73994.0,15357.0,0.0,1500.0,2020-11-28,1991,3
E00497,F,Site Director,Operations,5,IE Ltd,IE,Operations,Dublin,CC630-IE,0.8,39,82399.0,1869.0,4800.0,1500.0,2021-12-19,1988,3
E00498,F,Sales Manager,Sales,4,ES SL,ES,Sales,Madrid,CC520-ES,0.8,40,57789.0,10157.0,0.0,0.0,2018-09-25,1993,5
E00499,F,Accountant,Finance,2,IE Ltd,IE,Finance,Dublin,CC850-IE,0.5,39,55641.0,0.0,0.0,0.0,2016-02-13,1994,3
E00500,F,Support Manager,Customer Support,4,DE GmbH,DE,Customer Support,Bremen,CC740-DE,1.0,40,65857.0,1678.0,0.0,0.0,2021-04-10,1990,2
E00501,M,Regional Sales Director,Sales,5,ES SL,ES,Sales,Madrid,CC520-ES,1.0,40,81661.0,11868.0,6000.0,0.0,2015-05-13,1978,2
E00502,F,Senior Support Agent,Customer Support,2,FR SAS,FR,Customer Support,Paris,CC740-FR,0.5,35,40596.0,0.0,0.0,0.0,2021-12-18,2005,4
E00503,M,Operations Supervisor,Operations,3,FR SAS,FR,Operations,Toulouse,CC630-FR,1.0,35,51255.0,0.0,0.0,0.0,2023-03-05,1996,3
E00504,M,Operations Manager,Operations,4,FR SAS,FR,Operations,Paris,CC630-FR,1.0,35,60792.0,3886.0,0.0,1500.0,2022-01-18,1988,2
E00505,F,Support Team Lead,Customer Support,3,ES SL,ES,Customer Support,Madrid,CC740-ES,1.0,40,32445.0,1514.0,0.0,0.0,2023-03-18,1989,2
E00506,F,Senior Support Agent,Customer Support,2,ES SL,ES,Customer Support,Madrid,CC740-ES,1.0,40,33683.0,0.0,0.0,0.0,2016-02-28,1992,4
E00507,M,Principal Engineer,Engineering,5,ES SL,ES,Engineering,Madrid,CC410-ES,1.0,40,89891.0,4620.0,6000.0,0.0,2020-05-04,1981,4
E00508,F,VP Customer Experience,Customer Support,6,NL BV,NL,Customer Support,Hengelo,CC740-NL,1.0,38,123142.0,8945.0,6000.0,1500.0,2016-10-12,1981,4
E00509,M,Senior Accountant,Finance,3,IE Ltd,IE,Finance,Dublin,CC850-IE,1.0,39,60996.0,8714.0,0.0,0.0,2022-09-06,1997,3
E00510,M,Senior Engineer,Engineering,3,ES SL,ES,Engineering,Madrid,CC410-ES,1.0,40,56335.0,4089.0,0.0,0.0,2018-10-25,1995,2
E00511,M,Support Agent,Customer Support,1,IE Ltd,IE,Customer Support,Dublin,CC740-IE,1.0,39,33418.0,2526.0,0.0,0.0,2022-10-28,1997,4
E00512,F,Support Manager,Customer Support,4,IE Ltd,IE,Customer Support,Dublin,CC740-IE,0.5,39,64839.0,1345.0,0.0,0.0,2017-03-15,1988,3
E00513,M,Staff Engineer,Engineering,4,DE GmbH,DE,Engineering,Bremen,CC410-DE,1.0,40,100908.0,14488.0,0.0,1500.0,2019-10-20,1983,3
E00514,M,Engineering Director,Engineering,6,NL BV,NL,Engineering,Hengelo,CC410-NL,1.0,38,172836.0,14351.0,6000.0,0.0,2017-02-25,1981,2
E00515,M,Operations Supervisor,Operations,3,IE Ltd,IE,Operations,Dublin,CC630-IE,1.0,39,55260.0,3403.0,0.0,0.0,2020-05-17,1997,3
E00516,M,Regional Sales Director,Sales,5,FR SAS,FR,Sales,Paris,CC520-FR,1.0,35,100519.0,34777.0,6000.0,0.0,2019-03-19,1984,3
E00517,F,Warehouse Operative,Operations,1,IE Ltd,IE,Operations,Dublin,CC630-IE,1.0,39,30093.0,1993.0,2047.0,0.0,2020-10-20,1991,2
E00518,M,Finance Assistant,Finance,1,DE GmbH,DE,Finance,Bremen,CC850-DE,1.0,40,43160.0,0.0,0.0,0.0,2022-07-11,1997,5
E00519,F,HR Assistant,People,1,DE GmbH,DE,People,Bremen,CC860-DE,1.0,40,35813.0,0.0,0.0,0.0,2021-07-05,1997,3
E00520,M,Engineer,Engineering,2,IE Ltd,IE,Engineering,Dublin,CC410-IE,1.0,39,63816.0,0.0,0.0,0.0,2016-05-19,1988,4
E00521,M,Shift Lead,Operations,2,FR SAS,FR,Operations,Paris,CC630-FR,1.0,35,36493.0,1695.0,2074.0,0.0,2021-09-06,1991,3
E00522,M,Operations Manager,Operations,4,ES SL,ES,Operations,Madrid,CC630-ES,1.0,40,46941.0,1342.0,0.0,0.0,2021-02-09,1989,4
E00523,M,Warehouse Operative,Operations,1,FR SAS,FR,Operations,Paris,CC630-FR,1.0,35,27458.0,1252.0,0.0,0.0,2023-09-15,2000,1
E00524,F,HR Generalist,People,2,ES SL,ES,People,Madrid,CC860-ES,1.0,40,35348.0,3509.0,0.0,0.0,2018-07-10,1996,3
E00525,F,Senior Accountant,Finance,3,DE GmbH,DE,Finance,Bremen,CC850-DE,1.0,40,74368.0,6867.0,0.0,0.0,2024-05-04,1998,4
E00526,F,Senior Support Agent,Customer Support,2,DE GmbH,DE,Customer Support,Bremen,CC740-DE,1.0,40,48871.0,0.0,0.0,0.0,2023-01-31,1989,3
E00527,F,Senior Account Executive,Sales,3,FR SAS,FR,Sales,Paris,CC520-FR,1.0,35,55600.0,16184.0,0.0,0.0,2021-04-05,1987,3
E00528,M,Shift Lead,Operations,2,DE GmbH,DE,Operations,Munich,CC630-DE,1.0,40,45013.0,3038.0,0.0,0.0,2014-04-20,1996,4
E00529,M,Operations Supervisor,Operations,3,NL BV,NL,Operations,Hengelo,CC630-NL,1.0,38,53268.0,2448.0,2286.0,0.0,2020-07-17,1995,3
E00530,M,Senior Account Executive,Sales,3,NL BV,NL,Sales,Rotterdam,CC520-NL,1.0,38,65716.0,31116.0,0.0,0.0,2021-05-04,1988,3
E00531,F,Senior Support Agent,Customer Support,2,NL BV,NL,Customer Support,Rotterdam,CC740-NL,1.0,38,39903.0,0.0,0.0,0.0,2022-12-14,1995,4
E00532,M,Account Executive,Sales,2,IE Ltd,IE,Sales,Dublin,CC520-IE,1.0,39,42830.0,21463.0,0.0,0.0,2022-12-11,1996,2
E00533,M,HR Business Partner,People,3,ES SL,ES,People,Madrid,CC860-ES,1.0,40,43610.0,0.0,0.0,0.0,2023-04-07,1993,3
E00534,M,Junior Engineer,Engineering,1,IE Ltd,IE,Engineering,Dublin,CC410-IE,1.0,39,47593.0,0.0,0.0,0.0,2025-05-03,2001,5
E00535,F,Shift Lead,Operations,2,DE GmbH,DE,Operations,Bremen,CC630-DE,1.0,40,39574.0,1585.0,0.0,0.0,2021-01-17,2000,2
E00536,M,Operations Manager,Operations,4,IE Ltd,IE,Operations,Dublin,CC630-IE,1.0,39,61525.0,3832.0,0.0,1500.0,2022-09-08,1995,3
E00537,M,Account Executive,Sales,2,FR SAS,FR,Sales,Paris,CC520-FR,1.0,35,44008.0,9877.0,0.0,0.0,2024-12-15,1998,4
E00538,F,Senior Support Agent,Customer Support,2,DE GmbH,DE,Customer Support,Munich,CC740-DE,0.6,40,43375.0,1601.0,0.0,0.0,2022-11-26,1992,3
E00539,F,Senior Account Executive,Sales,3,IE Ltd,IE,Sales,Dublin,CC520-IE,1.0,39,59228.0,0.0,0.0,0.0,2022-11-24,1994,4
E00540,F,Head of Support,Customer Support,5,ES SL,ES,Customer Support,Madrid,CC740-ES,0.5,40,74315.0,3907.0,3000.0,1500.0,2009-04-05,1982,3
E00541,M,Regional Sales Director,Sales,5,FR SAS,FR,Sales,Paris,CC520-FR,1.0,35,98204.0,27073.0,6000.0,0.0,2017-11-22,1979,4
E00542,M,Engineer,Engineering,2,DE GmbH,DE,Engineering,Bremen,CC410-DE,1.0,40,57106.0,7158.0,0.0,0.0,2023-02-25,1995,3
E00543,F,Accountant,Finance,2,ES SL,ES,Finance,Madrid,CC850-ES,1.0,40,34266.0,0.0,0.0,0.0,2021-09-28,1993,3
E00544,M,Shift Lead,Operations,2,NL BV,NL,Operations,Hengelo,CC630-NL,1.0,38,41238.0,0.0,0.0,0.0,2021-09-24,1998,3
E00545,M,Senior Account Executive,Sales,3,ES SL,ES,Sales,Madrid,CC520-ES,1.0,40,40514.0,8400.0,0.0,0.0,2022-05-05,1990,3
E00546,F,Operations Supervisor,Operations,3,DE GmbH,DE,Operations,Munich,CC630-DE,0.8,40,44901.0,0.0,2841.0,0.0,2021-03-29,1988,2
E00547,F,Warehouse Operative,Operations,1,ES SL,ES,Operations,Madrid,CC630-ES,1.0,40,21455.0,0.0,2036.0,0.0,2017-03-12,1994,3
E00548,M,Operations Supervisor,Operations,3,IE Ltd,IE,Operations,Dublin,CC630-IE,1.0,39,54347.0,2815.0,2042.0,0.0,2017-02-24,1993,3
E00549,M,HR Business Partner,People,3,ES SL,ES,People,Madrid,CC860-ES,1.0,40,42969.0,5125.0,0.0,0.0,2021-11-11,1990,4
E00550,M,Staff Engineer,Engineering,4,ES SL,ES,Engineering,Madrid,CC410-ES,1.0,40,67450.0,6596.0,0.0,1500.0,2021-06-03,1987,2
E00551,M,Warehouse Operative,Operations,1,FR SAS,FR,Operations,Toulouse,CC630-FR,1.0,35,26951.0,0.0,2266.0,0.0,2022-06-25,2000,3
E00552,M,Sales Manager,Sales,4,NL BV,NL,Sales,Rotterdam,CC520-NL,0.5,38,78657.0,12254.0,0.0,0.0,2020-02-08,1992,3
E00553,F,Senior Accountant,Finance,3,DE GmbH,DE,Finance,Bremen,CC850-DE,1.0,40,70231.0,5313.0,0.0,0.0,2019-05-14,1993,3
E00554,F,HR Generalist,People,2,ES SL,ES,People,Madrid,CC860-ES,1.0,40,36001.0,0.0,0.0,0.0,2016-12-23,1991,2
E00555,M,Engineering Director,Engineering,6,ES SL,ES,Engineering,Madrid,CC410-ES,1.0,40,104663.0,8428.0,6000.0,1500.0,2017-11-23,1972,2
E00556,M,Junior Engineer,Engineering,1,FR SAS,FR,Engineering,Toulouse,CC410-FR,1.0,35,48723.0,7407.0,0.0,0.0,2020-11-04,2002,4
E00557,M,Operations Supervisor,Operations,3,ES SL,ES,Operations,Madrid,CC630-ES,1.0,40,39983.0,3280.0,1844.0,0.0,2017-01-31,1989,3
E00558,F,Operations Supervisor,Operations,3,ES SL,ES,Operations,Madrid,CC630-ES,1.0,40,36362.0,1622.0,1569.0,0.0,2016-12-05,1995,3
E00559,F,HR Business Partner,People,3,ES SL,ES,People,Madrid,CC860-ES,0.6,40,42150.0,1252.0,0.0,0.0,2022-06-07,1999,2
E00560,M,Senior Support Agent,Customer Support,2,DE GmbH,DE,Customer Support,Bremen,CC740-DE,1.0,40,45781.0,2799.0,0.0,0.0,2020-05-13,1998,3
E00561,F,Junior Engineer,Engineering,1,NL BV,NL,Engineering,Hengelo,CC410-NL,0.8,38,48131.0,0.0,0.0,0.0,2022-05-04,1996,4
E00562,F,Shift Lead,Operations,2,ES SL,ES,Operations,Madrid,CC630-ES,0.5,40,32205.0,610.0,996.0,0.0,2021-07-30,1993,5
E00563,M,Staff Engineer,Engineering,4,DE GmbH,DE,Engineering,Munich,CC410-DE,1.0,40,105869.0,9028.0,0.0,0.0,2021-05-27,1984,3
E00564,M,Sales Manager,Sales,4,FR SAS,FR,Sales,Paris,CC520-FR,1.0,35,72848.0,23630.0,0.0,0.0,2020-12-06,1991,2
E00565,M,Senior Support Agent,Customer Support,2,FR SAS,FR,Customer Support,Toulouse,CC740-FR,1.0,35,38960.0,3203.0,0.0,0.0,2020-10-16,2004,3
E00566,F,Shift Lead,Operations,2,ES SL,ES,Operations,Madrid,CC630-ES,1.0,40,24498.0,774.0,2063.0,0.0,2019-08-13,1993,3
E00567,F,Head of Operations,Operations,6,ES SL,ES,Operations,Madrid,CC630-ES,1.0,40,65127.0,5409.0,6000.0,1500.0,2020-01-31,1976,4
E00568,M,Warehouse Operative,Operations,1,DE GmbH,DE,Operations,Bremen,CC630-DE,1.0,40,26969.0,818.0,2570.0,0.0,2024-11-12,1996,3
E00569,F,Account Executive,Sales,2,DE GmbH,DE,Sales,Munich,CC520-DE,1.0,40,51004.0,11417.0,0.0,0.0,2021-09-13,1992,3
E00570,M,Regional Sales Director,Sales,5,FR SAS,FR,Sales,Toulouse,CC520-FR,1.0,35,95393.0,23812.0,6000.0,0.0,2019-09-11,1982,2
E00571,F,Account Executive,Sales,2,DE GmbH,DE,Sales,Bremen,CC520-DE,0.6,40,44010.0,11924.0,0.0,0.0,2024-01-27,2003,3
E00572,M,Junior Engineer,Engineering,1,NL BV,NL,Engineering,Hengelo,CC410-NL,1.0,38,45462.0,0.0,0.0,0.0,2022-01-30,2002,4
E00573,M,Sales Associate,Sales,1,IE Ltd,IE,Sales,Dublin,CC520-IE,1.0,39,34991.0,8439.0,0.0,0.0,2025-03-02,1996,3
E00574,M,Sales Manager,Sales,4,ES SL,ES,Sales,Madrid,CC520-ES,1.0,40,54811.0,18241.0,0.0,0.0,2022-03-15,1995,3
E00575,M,Shift Lead,Operations,2,DE GmbH,DE,Operations,Bremen,CC630-DE,1.0,40,41350.0,2173.0,3175.0,0.0,2017-11-25,1994,3
E00576,M,Staff Engineer,Engineering,4,DE GmbH,DE,Engineering,Bremen,CC410-DE,1.0,40,106983.0,6108.0,0.0,1500.0,2018-02-13,1983,2
E00577,X,Account Executive,Sales,2,DE GmbH,DE,Sales,Munich,CC520-DE,1.0,40,45364.0,16537.0,0.0,0.0,2024-09-29,1995,3
E00578,F,Senior Support Agent,Customer Support,2,ES SL,ES,Customer Support,Madrid,CC740-ES,1.0,40,28660.0,909.0,0.0,0.0,2021-03-23,1996,2
E00579,M,Junior Engineer,Engineering,1,DE GmbH,DE,Engineering,Bremen,CC410-DE,1.0,40,54225.0,5119.0,0.0,0.0,2022-04-19,2007,4
E00580,M,Senior Engineer,Engineering,3,ES SL,ES,Engineering,Madrid,CC410-ES,1.0,40,60223.0,3568.0,0.0,0.0,2020-01-31,1986,4
E00581,M,Chief People Officer,People,6,DE GmbH,DE,People,Munich,CC860-DE,1.0,40,140991.0,13409.0,6000.0,0.0,2020-07-23,1987,4
E00582,M,Engineering Director,Engineering,6,DE GmbH,DE,Engineering,Bremen,CC410-DE,1.0,40,181568.0,17622.0,6000.0,0.0,2017-10-08,1976,3
E00583,F,HR Business Partner,People,3,NL BV,NL,People,Rotterdam,CC860-NL,1.0,38,61196.0,3944.0,0.0,0.0,2022-09-13,1998,1
E00584,M,Regional Sales Director,Sales,5,NL BV,NL,Sales,Hengelo,CC520-NL,1.0,38,118933.0,0.0,6000.0,0.0,2022-05-23,1989,3
E00585,M,Account Executive,Sales,2,FR SAS,FR,Sales,Toulouse,CC520-FR,1.0,35,45087.0,0.0,0.0,0.0,2020-12-09,1998,4
E00586,M,Support Manager,Customer Support,4,DE GmbH,DE,Customer Support,Munich,CC740-DE,1.0,40,68399.0,1528.0,0.0,1500.0,2021-03-04,1989,1
E00587,M,Account Executive,Sales,2,FR SAS,FR,Sales,Toulouse,CC520-FR,1.0,35,45258.0,12555.0,0.0,0.0,2016-12-17,1997,3
E00588,M,Engineer,Engineering,2,NL BV,NL,Engineering,Hengelo,CC410-NL,1.0,38,58970.0,4464.0,0.0,0.0,2023-01-30,1996,3
E00589,M,HR Business Partner,People,3,ES SL,ES,People,Madrid,CC860-ES,1.0,40,42825.0,3633.0,0.0,0.0,2023-09-25,1989,3
E00590,F,Warehouse Operative,Operations,1,ES SL,ES,Operations,Madrid,CC630-ES,0.8,40,17949.0,0.0,0.0,0.0,2020-10-15,2007,3
E00591,M,Support Agent,Customer Support,1,ES SL,ES,Customer Support,Madrid,CC740-ES,1.0,40,20719.0,803.0,0.0,0.0,2024-02-17,1997,3
E00592,F,Warehouse Operative,Operations,1,FR SAS,FR,Operations,Toulouse,CC630-FR,1.0,35,30284.0,0.0,2362.0,0.0,2018-09-17,1997,3
E00593,M,Junior Engineer,Engineering,1,FR SAS,FR,Engineering,Toulouse,CC410-FR,1.0,35,44993.0,3197.0,0.0,0.0,2024-10-12,2002,4
E00594,F,Senior Account Executive,Sales,3,ES SL,ES,Sales,Madrid,CC520-ES,1.0,40,42734.0,30294.0,0.0,0.0,2023-03-31,1997,4
E00595,F,Support Agent,Customer Support,1,FR SAS,FR,Customer Support,Paris,CC740-FR,1.0,35,28744.0,1056.0,0.0,0.0,2023-07-03,2003,3
E00596,M,Senior Engineer,Engineering,3,ES SL,ES,Engineering,Madrid,CC410-ES,1.0,40,58584.0,6008.0,0.0,0.0,2018-10-17,1993,3
E00597,M,Senior Support Agent,Customer Support,2,FR SAS,FR,Customer Support,Toulouse,CC740-FR,1.0,35,42239.0,0.0,0.0,0.0,2023-02-07,1993,3
E00598,M,Engineering Director,Engineering,6,ES SL,ES,Engineering,Madrid,CC410-ES,1.0,40,132092.0,7767.0,6000.0,0.0,2022-06-21,1980,3
E00599,M,Senior Engineer,Engineering,3,FR SAS,FR,Engineering,Paris,CC410-FR,1.0,35,65801.0,0.0,0.0,0.0,2019-02-28,1986,3
E00600,F,Senior Account Executive,Sales,3,ES SL,ES,Sales,Madrid,CC520-ES,0.8,40,39949.0,9320.0,0.0,0.0,2023-04-02,1992,2
E00601,M,Engineer,Engineering,2,DE GmbH,DE,Engineering,Munich,CC410-DE,1.0,40,68694.0,0.0,0.0,0.0,2022-11-18,1998,3
E00602,F,Support Team Lead,Customer Support,3,DE GmbH,DE,Customer Support,Munich,CC740-DE,1.0,40,53577.0,1826.0,0.0,0.0,2022-05-13,1991,2
E00603,M,Junior Engineer,Engineering,1,IE Ltd,IE,Engineering,Dublin,CC410-IE,1.0,39,45756.0,3020.0,0.0,0.0,2019-11-15,1995,4
E00604,M,HR Assistant,People,1,NL BV,NL,People,Hengelo,CC860-NL,1.0,38,36218.0,2695.0,0.0,0.0,2023-07-10,1999,3
E00605,M,Support Team Lead,Customer Support,3,ES SL,ES,Customer Support,Madrid,CC740-ES,1.0,40,35447.0,1800.0,0.0,0.0,2022-03-06,1996,3
E00606,F,HR Business Partner,People,3,NL BV,NL,People,Rotterdam,CC860-NL,1.0,38,67725.0,5056.0,0.0,0.0,2021-08-31,1988,4
E00607,F,Account Executive,Sales,2,FR SAS,FR,Sales,Paris,CC520-FR,1.0,35,37000.0,9519.0,0.0,0.0,2020-11-07,1994,3
E00608,M,Sales Associate,Sales,1,ES SL,ES,Sales,Madrid,CC520-ES,1.0,40,26644.0,5675.0,0.0,0.0,2024-08-01,2003,4
E00609,F,Senior Support Agent,Customer Support,2,FR SAS,FR,Customer Support,Toulouse,CC740-FR,0.5,35,42700.0,1076.0,0.0,0.0,2015-06-16,1996,4
E00610,F,HR Assistant,People,1,FR SAS,FR,People,Toulouse,CC860-FR,0.6,35,34182.0,0.0,0.0,0.0,2024-06-04,2003,3
E00611,F,Accountant,Finance,2,ES SL,ES,Finance,Madrid,CC850-ES,1.0,40,38104.0,5845.0,0.0,0.0,2019-02-12,1996,4
E00612,M,Junior Engineer,Engineering,1,ES SL,ES,Engineering,Madrid,CC410-ES,1.0,40,39459.0,2950.0,0.0,0.0,2017-04-28,1993,3
E00613,F,Account Executive,Sales,2,NL BV,NL,Sales,Hengelo,CC520-NL,1.0,38,45410.0,10509.0,0.0,0.0,2021-05-27,1989,3
E00614,F,HR Generalist,People,2,ES SL,ES,People,Madrid,CC860-ES,1.0,40,36351.0,5334.0,0.0,0.0,2021-01-24,1995,3
E00615,M,HR Manager,People,4,NL BV,NL,People,Rotterdam,CC860-NL,1.0,38,69847.0,4478.0,0.0,0.0,2020-07-04,1989,3
E00616,F,Senior Engineer,Engineering,3,IE Ltd,IE,Engineering,Dublin,CC410-IE,0.8,39,68062.0,7158.0,0.0,0.0,2022-02-27,1986,3
E00617,M,Shift Lead,Operations,2,FR SAS,FR,Operations,Toulouse,CC630-FR,0.8,35,36373.0,0.0,0.0,0.0,2021-03-12,1995,3
E00618,M,Senior Accountant,Finance,3,FR SAS,FR,Finance,Paris,CC850-FR,1.0,35,61063.0,5943.0,0.0,0.0,2022-02-07,1985,3
E00619,F,Finance Manager,Finance,4,FR SAS,FR,Finance,Toulouse,CC850-FR,1.0,35,86380.0,11837.0,0.0,1500.0,2018-06-01,1989,4
E00620,F,HR Director,People,5,ES SL,ES,People,Madrid,CC860-ES,0.5,40,72753.0,1787.0,3000.0,0.0,2021-09-16,1982,2
E00621,M,Finance Assistant,Finance,1,FR SAS,FR,Finance,Toulouse,CC850-FR,1.0,35,42188.0,0.0,0.0,0.0,2017-02-19,1990,5
E00622,M,Account Executive,Sales,2,DE GmbH,DE,Sales,Munich,CC520-DE,1.0,40,50560.0,13410.0,0.0,0.0,2023-12-17,1997,1
E00623,F,Operations Manager,Operations,4,DE GmbH,DE,Operations,Munich,CC630-DE,0.8,40,64048.0,0.0,0.0,0.0,2021-02-21,1982,4
E00624,M,Senior Engineer,Engineering,3,ES SL,ES,Engineering,Madrid,CC410-ES,1.0,40,50334.0,0.0,0.0,0.0,2016-07-15,1989,2
E00625,M,Warehouse Operative,Operations,1,DE GmbH,DE,Operations,Munich,CC630-DE,1.0,40,35773.0,0.0,2341.0,0.0,2018-07-15,2004,5
E00626,M,Account Executive,Sales,2,FR SAS,FR,Sales,Toulouse,CC520-FR,1.0,35,53579.0,23879.0,0.0,0.0,2018-07-07,1998,4
E00627,M,Sales Associate,Sales,1,FR SAS,FR,Sales,Toulouse,CC520-FR,1.0,35,39241.0,14847.0,0.0,0.0,2020-08-24,2003,4
E00628,F,Support Manager,Customer Support,4,IE Ltd,IE,Customer Support,Dublin,CC740-IE,1.0,39,74259.0,4873.0,0.0,0.0,2021-06-27,1985,2
E00629,M,Shift Lead,Operations,2,FR SAS,FR,Operations,Toulouse,CC630-FR,1.0,35,40059.0,0.0,1795.0,0.0,2025-01-03,1997,3
E00630,M,Engineer,Engineering,2,ES SL,ES,Engineering,Madrid,CC410-ES,1.0,40,45681.0,4237.0,0.0,0.0,2018-05-25,2005,3
E00631,F,Sales Associate,Sales,1,FR SAS,FR,Sales,Toulouse,CC520-FR,1.0,35,40706.0,14439.0,0.0,0.0,2013-05-01,1991,4
E00632,M,HR Business Partner,People,3,DE GmbH,DE,People,Munich,CC860-DE,1.0,40,57845.0,4446.0,0.0,0.0,2022-04-30,1994,3
E00633,M,Junior Engineer,Engineering,1,FR SAS,FR,Engineering,Paris,CC410-FR,1.0,35,41547.0,6503.0,0.0,0.0,2023-09-24,2003,4
E00634,M,Senior Engineer,Engineering,3,IE Ltd,IE,Engineering,Dublin,CC410-IE,1.0,39,78066.0,4352.0,0.0,0.0,2016-07-05,1985,3
E00635,M,Junior Engineer,Engineering,1,FR SAS,FR,Engineering,Paris,CC410-FR,1.0,35,48049.0,4447.0,0.0,0.0,2018-01-20,1992,2
E00636,M,Engineering Director,Engineering,6,ES SL,ES,Engineering,Madrid,CC410-ES,0.5,40,106410.0,6097.0,3000.0,0.0,2021-09-11,1979,4
E00637,M,Warehouse Operative,Operations,1,NL BV,NL,Operations,Rotterdam,CC630-NL,1.0,38,30662.0,1655.0,2759.0,0.0,2021-08-13,1997,4
E00638,M,Finance Assistant,Finance,1,ES SL,ES,Finance,Madrid,CC850-ES,1.0,40,28666.0,2388.0,0.0,0.0,2021-07-11,1990,3
E00639,M,Shift Lead,Operations,2,DE GmbH,DE,Operations,Munich,CC630-DE,1.0,40,44739.0,0.0,2706.0,0.0,2023-12-21,1999,2
E00640,F,Sales Manager,Sales,4,IE Ltd,IE,Sales,Dublin,CC520-IE,1.0,39,75312.0,17275.0,0.0,0.0,2019-10-25,1986,2
E00641,M,Principal Engineer,Engineering,5,NL BV,NL,Engineering,Hengelo,CC410-NL,1.0,38,107814.0,11921.0,6000.0,0.0,2021-04-11,1986,2
E00642,M,Staff Engineer,Engineering,4,FR SAS,FR,Engineering,Paris,CC410-FR,1.0,35,104498.0,12230.0,0.0,1500.0,2012-02-21,1984,2
E00643,M,Operations Supervisor,Operations,3,FR SAS,FR,Operations,Paris,CC630-FR,1.0,35,51188.0,3086.0,2007.0,0.0,2014-07-13,1987,3
E00644,M,Support Manager,Customer Support,4,DE GmbH,DE,Customer Support,Bremen,CC740-DE,1.0,40,74170.0,3591.0,0.0,0.0,2022-02-28,1990,3
E00645,M,HR Assistant,People,1,FR SAS,FR,People,Toulouse,CC860-FR,0.5,35,32732.0,1376.0,0.0,0.0,2022-01-03,1997,3
E00646,M,Engineer,Engineering,2,DE GmbH,DE,Engineering,Bremen,CC410-DE,1.0,40,63382.0,7305.0,0.0,0.0,2021-03-22,1993,3
E00647,M,HR Business Partner,People,3,DE GmbH,DE,People,Munich,CC860-DE,1.0,40,69257.0,6207.0,0.0,0.0,2016-03-15,1982,3
E00648,M,Shift Lead,Operations,2,IE Ltd,IE,Operations,Dublin,CC630-IE,1.0,39,39578.0,2111.0,3039.0,0.0,2023-05-03,1997,4
E00649,M,Account Executive,Sales,2,NL BV,NL,Sales,Hengelo,CC520-NL,1.0,38,44525.0,12326.0,0.0,0.0,2024-02-07,1996,3
E00650,M,Operations Supervisor,Operations,3,NL BV,NL,Operations,Rotterdam,CC630-NL,1.0,38,50695.0,2816.0,2885.0,0.0,2023-03-28,1992,3
E00651,M,Site Director,Operations,5,ES SL,ES,Operations,Madrid,CC630-ES,1.0,40,62839.0,4415.0,6000.0,1500.0,2016-04-28,1982,4
E00652,M,Account Executive,Sales,2,DE GmbH,DE,Sales,Munich,CC520-DE,1.0,40,54043.0,22486.0,0.0,0.0,2022-05-24,1999,4
E00653,F,Support Team Lead,Customer Support,3,FR SAS,FR,Customer Support,Paris,CC740-FR,1.0,35,51774.0,3895.0,0.0,0.0,2021-03-15,1992,3
E00654,M,Sales Associate,Sales,1,DE GmbH,DE,Sales,Munich,CC520-DE,0.8,40,44723.0,12680.0,0.0,0.0,2018-06-15,1996,3
E00655,M,Operations Manager,Operations,4,IE Ltd,IE,Operations,Dublin,CC630-IE,1.0,39,69169.0,5026.0,0.0,1500.0,2022-05-25,1998,3
E00656,F,Sales Manager,Sales,4,IE Ltd,IE,Sales,Dublin,CC520-IE,0.5,39,82799.0,0.0,0.0,1500.0,2018-10-27,1985,3
E00657,F,Senior Support Agent,Customer Support,2,FR SAS,FR,Customer Support,Paris,CC740-FR,1.0,35,42868.0,0.0,0.0,0.0,2015-12-15,1994,3
E00658,M,Staff Engineer,Engineering,4,DE GmbH,DE,Engineering,Munich,CC410-DE,1.0,40,108549.0,8847.0,0.0,0.0,2018-10-21,1984,3
E00659,M,Staff Engineer,Engineering,4,IE Ltd,IE,Engineering,Dublin,CC410-IE,1.0,39,111264.0,16310.0,0.0,1500.0,2021-01-01,1984,4
E00660,F,Engineering Director,Engineering,6,DE GmbH,DE,Engineering,Munich,CC410-DE,1.0,40,152251.0,12160.0,6000.0,1500.0,2021-04-11,1983,1
E00661,F,Account Executive,Sales,2,FR SAS,FR,Sales,Toulouse,CC520-FR,1.0,35,44133.0,18116.0,0.0,0.0,2022-08-22,1993,5
E00662,F,Senior Support Agent,Customer Support,2,DE GmbH,DE,Customer Support,Bremen,CC740-DE,1.0,40,41788.0,792.0,0.0,0.0,2022-06-04,1999,2
E00663,M,Principal Engineer,Engineering,5,DE GmbH,DE,Engineering,Munich,CC410-DE,1.0,40,144455.0,10740.0,6000.0,1500.0,2018-08-23,1982,3
E00664,M,Site Director,Operations,5,DE GmbH,DE,Operations,Bremen,CC630-DE,1.0,40,88511.0,3436.0,6000.0,0.0,2019-05-24,1982,3
E00665,F,Account Executive,Sales,2,IE Ltd,IE,Sales,Dublin,CC520-IE,1.0,39,40077.0,13594.0,0.0,0.0,2025-01-13,1997,3
E00666,M,Engineer,Engineering,2,FR SAS,FR,Engineering,Paris,CC410-FR,1.0,35,60717.0,3862.0,0.0,0.0,2017-03-02,1992,3
E00667,F,Sales Manager,Sales,4,IE Ltd,IE,Sales,Dublin,CC520-IE,1.0,39,78832.0,16296.0,0.0,0.0,2017-10-23,1986,3
E00668,F,Head of Support,Customer Support,5,DE GmbH,DE,Customer Support,Munich,CC740-DE,1.0,40,84911.0,3158.0,6000.0,1500.0,2019-07-24,1979,3
E00669,F,Account Executive,Sales,2,DE GmbH,DE,Sales,Bremen,CC520-DE,0.6,40,49650.0,11472.0,0.0,0.0,2022-04-22,1994,3
E00670,M,Sales Associate,Sales,1,FR SAS,FR,Sales,Paris,CC520-FR,1.0,35,36121.0,16947.0,0.0,0.0,2022-03-02,1995,3
E00671,M,Principal Engineer,Engineering,5,FR SAS,FR,Engineering,Toulouse,CC410-FR,1.0,35,120763.0,13057.0,6000.0,1500.0,2015-09-08,1978,3
E00672,M,HR Business Partner,People,3,DE GmbH,DE,People,Bremen,CC860-DE,0.5,40,72615.0,0.0,0.0,0.0,2023-05-02,1991,5
E00673,M,Senior Engineer,Engineering,3,FR SAS,FR,Engineering,Toulouse,CC410-FR,1.0,35,76755.0,5039.0,0.0,0.0,2021-06-28,1995,2
E00674,M,Operations Supervisor,Operations,3,IE Ltd,IE,Operations,Dublin,CC630-IE,1.0,39,61018.0,2147.0,3090.0,0.0,2017-10-01,1987,3
E00675,F,HR Business Partner,People,3,IE Ltd,IE,People,Dublin,CC860-IE,0.5,39,57699.0,2653.0,0.0,0.0,2022-08-23,1993,2
E00676,M,Engineer,Engineering,2,DE GmbH,DE,Engineering,Bremen,CC410-DE,0.6,40,64070.0,3669.0,0.0,0.0,2022-05-18,1994,4
E00677,F,Engineering Director,Engineering,6,DE GmbH,DE,Engineering,Bremen,CC410-DE,1.0,40,164996.0,10823.0,6000.0,1500.0,2018-09-03,1979,3
E00678,F,Head of Support,Customer Support,5,FR SAS,FR,Customer Support,Paris,CC740-FR,0.8,35,80658.0,2199.0,4800.0,1500.0,2023-04-16,1981,2
E00679,F,Accountant,Finance,2,FR SAS,FR,Finance,Paris,CC850-FR,1.0,35,47704.0,0.0,0.0,0.0,2019-08-14,1993,3
E00680,F,Account Executive,Sales,2,FR SAS,FR,Sales,Toulouse,CC520-FR,1.0,35,39902.0,5610.0,0.0,0.0,2022-09-14,1993,3
E00681,F,Accountant,Finance,2,ES SL,ES,Finance,Madrid,CC850-ES,1.0,40,33620.0,2275.0,0.0,0.0,2024-07-18,1994,3
E00682,M,Account Executive,Sales,2,IE Ltd,IE,Sales,Dublin,CC520-IE,1.0,39,44768.0,10043.0,0.0,0.0,2023-10-18,1991,1
E00683,M,Engineer,Engineering,2,DE GmbH,DE,Engineering,Munich,CC410-DE,1.0,40,66512.0,3768.0,0.0,0.0,2022-12-27,1994,3
E00684,F,Shift Lead,Operations,2,ES SL,ES,Operations,Madrid,CC630-ES,1.0,40,27767.0,1818.0,1190.0,0.0,2019-04-16,1995,5
E00685,F,Senior Engineer,Engineering,3,DE GmbH,DE,Engineering,Bremen,CC410-DE,1.0,40,68972.0,6843.0,0.0,0.0,2021-12-30,1994,3
E00686,M,Head of Support,Customer Support,5,FR SAS,FR,Customer Support,Toulouse,CC740-FR,1.0,35,82243.0,3345.0,6000.0,1500.0,2019-08-10,1981,1
E00687,M,Finance Assistant,Finance,1,DE GmbH,DE,Finance,Munich,CC850-DE,1.0,40,41273.0,0.0,0.0,0.0,2023-10-02,1994,3
E00688,F,Senior Engineer,Engineering,3,FR SAS,FR,Engineering,Paris,CC410-FR,0.8,35,81156.0,4486.0,0.0,0.0,2014-07-02,1986,3
E00689,F,VP Sales,Sales,6,IE Ltd,IE,Sales,Dublin,CC520-IE,1.0,39,113697.0,18045.0,6000.0,0.0,2019-07-10,1975,3
E00690,M,Account Executive,Sales,2,FR SAS,FR,Sales,Toulouse,CC520-FR,1.0,35,45766.0,0.0,0.0,0.0,2022-08-18,1993,4
E00691,M,Operations Supervisor,Operations,3,DE GmbH,DE,Operations,Munich,CC630-DE,1.0,40,52421.0,2352.0,0.0,0.0,2017-06-27,1986,2
E00692,M,Shift Lead,Operations,2,ES SL,ES,Operations,Madrid,CC630-ES,1.0,40,24406.0,2125.0,1671.0,0.0,2023-08-23,1994,3
E00693,F,Warehouse Operative,Operations,1,DE GmbH,DE,Operations,Munich,CC630-DE,0.6,40,26772.0,693.0,1906.0,0.0,2022-03-16,1995,4
E00694,M,HR Business Partner,People,3,DE GmbH,DE,People,Munich,CC860-DE,1.0,40,55124.0,6470.0,0.0,0.0,2024-02-03,1999,3
E00695,F,Head of Support,Customer Support,5,IE Ltd,IE,Customer Support,Dublin,CC740-IE,0.6,39,96053.0,0.0,3600.0,1500.0,2017-11-21,1978,3
E00696,M,HR Generalist,People,2,FR SAS,FR,People,Paris,CC860-FR,1.0,35,47524.0,6939.0,0.0,0.0,2024-03-15,1997,4
E00697,M,Finance Assistant,Finance,1,DE GmbH,DE,Finance,Munich,CC850-DE,1.0,40,39691.0,3159.0,0.0,0.0,2021-08-22,1997,3
E00698,M,Engineer,Engineering,2,FR SAS,FR,Engineering,Toulouse,CC410-FR,1.0,35,72404.0,6930.0,0.0,0.0,2015-07-24,1987,3
E00699,M,Senior Support Agent,Customer Support,2,DE GmbH,DE,Customer Support,Bremen,CC740-DE,1.0,40,47382.0,1997.0,0.0,0.0,2021-06-07,1999,4
E00700,M,Senior Account Executive,Sales,3,ES SL,ES,Sales,Madrid,CC520-ES,1.0,40,45436.0,9203.0,0.0,0.0,2016-10-06,1989,3
E00701,M,Support Manager,Customer Support,4,NL BV,NL,Customer Support,Hengelo,CC740-NL,0.6,38,69910.0,0.0,0.0,1500.0,2023-03-16,1991,4
E00702,M,Sales Associate,Sales,1,NL BV,NL,Sales,Hengelo,CC520-NL,1.0,38,41659.0,12248.0,0.0,0.0,2008-02-15,1991,3
E00703,M,Finance Director,Finance,5,FR SAS,FR,Finance,Toulouse,CC850-FR,1.0,35,104251.0,8403.0,6000.0,0.0,2019-04-12,1990,3
E00704,M,Finance Manager,Finance,4,IE Ltd,IE,Finance,Dublin,CC850-IE,1.0,39,91371.0,0.0,0.0,1500.0,2019-07-28,1995,4
E00705,F,Shift Lead,Operations,2,DE GmbH,DE,Operations,Bremen,CC630-DE,1.0,40,41775.0,0.0,0.0,0.0,2016-01-06,1987,2
E00706,M,Finance Assistant,Finance,1,ES SL,ES,Finance,Madrid,CC850-ES,1.0,40,24547.0,2302.0,0.0,0.0,2021-08-24,1996,2
E00707,M,HR Business Partner,People,3,NL BV,NL,People,Hengelo,CC860-NL,1.0,38,52313.0,3863.0,0.0,0.0,2023-03-09,1991,3
E00708,M,Finance Assistant,Finance,1,DE GmbH,DE,Finance,Bremen,CC850-DE,1.0,40,42241.0,0.0,0.0,0.0,2020-12-04,2001,4
E00709,M,Account Executive,Sales,2,DE GmbH,DE,Sales,Bremen,CC520-DE,1.0,40,52846.0,24392.0,0.0,0.0,2022-06-02,1993,3
E00710,F,HR Assistant,People,1,DE GmbH,DE,People,Munich,CC860-DE,1.0,40,34409.0,0.0,0.0,0.0,2022-11-30,1994,2
E00711,F,Support Manager,Customer Support,4,ES SL,ES,Customer Support,Madrid,CC740-ES,0.5,40,50540.0,1146.0,0.0,1500.0,2020-06-04,1994,4
E00712,F,Senior Account Executive,Sales,3,FR SAS,FR,Sales,Paris,CC520-FR,1.0,35,51337.0,14987.0,0.0,0.0,2020-02-20,1992,5
E00713,M,Engineer,Engineering,2,IE Ltd,IE,Engineering,Dublin,CC410-IE,1.0,39,47587.0,4464.0,0.0,0.0,2022-01-07,1992,4
E00714,F,HR Generalist,People,2,NL BV,NL,People,Hengelo,CC860-NL,0.8,38,48686.0,3358.0,0.0,0.0,2014-01-02,1987,2
E00715,F,Engineer,Engineering,2,DE GmbH,DE,Engineering,Munich,CC410-DE,0.8,40,60436.0,0.0,0.0,0.0,2017-09-14,2003,4
E00716,M,Operations Supervisor,Operations,3,NL BV,NL,Operations,Rotterdam,CC630-NL,1.0,38,54041.0,3203.0,2662.0,0.0,2015-01-12,1989,4
E00717,F,HR Director,People,5,DE GmbH,DE,People,Bremen,CC860-DE,1.0,40,117124.0,8381.0,6000.0,1500.0,2019-08-26,1984,3
E00718,M,Operations Manager,Operations,4,ES SL,ES,Operations,Madrid,CC630-ES,1.0,40,38952.0,2740.0,0.0,0.0,2019-04-14,1993,2
E00719,M,Warehouse Operative,Operations,1,IE Ltd,IE,Operations,Dublin,CC630-IE,1.0,39,29813.0,1240.0,2157.0,0.0,2024-01-28,1996,4
E00720,F,Senior Accountant,Finance,3,DE GmbH,DE,Finance,Bremen,CC850-DE,0.6,40,61326.0,0.0,0.0,0.0,2021-07-20,1995,4
E00721,M,Engineer,Engineering,2,DE GmbH,DE,Engineering,Munich,CC410-DE,1.0,40,67294.0,7117.0,0.0,0.0,2019-02-06,1993,4
E00722,M,Support Team Lead,Customer Support,3,FR SAS,FR,Customer Support,Toulouse,CC740-FR,1.0,35,44090.0,6143.0,0.0,0.0,2023-10-21,1995,3
E00723,F,Operations Supervisor,Operations,3,ES SL,ES,Operations,Madrid,CC630-ES,1.0,40,34027.0,1342.0,1358.0,0.0,2024-05-11,1989,2
E00724,F,Finance Director,Finance,5,IE Ltd,IE,Finance,Dublin,CC850-IE,1.0,39,108090.0,10319.0,6000.0,0.0,2020-02-09,1984,3
E00725,F,HR Business Partner,People,3,IE Ltd,IE,People,Dublin,CC860-IE,1.0,39,60505.0,0.0,0.0,0.0,2019-04-13,1986,2
E00726,M,Account Executive,Sales,2,DE GmbH,DE,Sales,Bremen,CC520-DE,1.0,40,51039.0,11013.0,0.0,0.0,2024-05-24,1990,3
E00727,F,HR Generalist,People,2,DE GmbH,DE,People,Munich,CC860-DE,1.0,40,42285.0,3637.0,0.0,0.0,2022-01-20,1993,2
E00728,M,Finance Manager,Finance,4,FR SAS,FR,Finance,Toulouse,CC850-FR,1.0,35,75880.0,7394.0,0.0,0.0,2023-10-18,1989,2
E00729,F,HR Assistant,People,1,FR SAS,FR,People,Toulouse,CC860-FR,1.0,35,34697.0,0.0,0.0,0.0,2016-10-27,1991,3
E00730,M,Senior Engineer,Engineering,3,IE Ltd,IE,Engineering,Dublin,CC410-IE,1.0,39,71203.0,9156.0,0.0,0.0,2021-10-17,1988,3
E00731,M,Regional Sales Director,Sales,5,DE GmbH,DE,Sales,Bremen,CC520-DE,0.8,40,102468.0,26550.0,4800.0,0.0,2019-03-15,1981,4
E00732,M,Shift Lead,Operations,2,IE Ltd,IE,Operations,Dublin,CC630-IE,1.0,39,38380.0,2521.0,2385.0,0.0,2019-10-01,1995,3
E00733,M,Support Team Lead,Customer Support,3,DE GmbH,DE,Customer Support,Munich,CC740-DE,1.0,40,65234.0,0.0,0.0,0.0,2012-02-05,1982,2
E00734,F,Sales Associate,Sales,1,NL BV,NL,Sales,Rotterdam,CC520-NL,1.0,38,37176.0,0.0,0.0,0.0,2018-04-25,2001,3
E00735,M,Shift Lead,Operations,2,FR SAS,FR,Operations,Toulouse,CC630-FR,1.0,35,35664.0,1775.0,0.0,0.0,2022-05-06,1992,5
E00736,M,Shift Lead,Operations,2,DE GmbH,DE,Operations,Munich,CC630-DE,1.0,40,47753.0,3101.0,3851.0,0.0,2018-08-27,1997,4
E00737,F,HR Business Partner,People,3,ES SL,ES,People,Madrid,CC860-ES,1.0,40,39032.0,1431.0,0.0,0.0,2023-01-16,1990,2
E00738,F,HR Generalist,People,2,FR SAS,FR,People,Toulouse,CC860-FR,0.5,35,45930.0,1372.0,0.0,0.0,2024-06-28,1990,4
E00739,F,Sales Associate,Sales,1,DE GmbH,DE,Sales,Bremen,CC520-DE,0.8,40,39774.0,8411.0,0.0,0.0,2017-08-10,1998,2
E00740,M,Senior Account Executive,Sales,3,DE GmbH,DE,Sales,Bremen,CC520-DE,1.0,40,69798.0,23210.0,0.0,0.0,2017-03-23,1984,3
E00741,M,Account Executive,Sales,2,ES SL,ES,Sales,Madrid,CC520-ES,1.0,40,38568.0,11708.0,0.0,0.0,2018-08-30,1992,1
E00742,F,Principal Engineer,Engineering,5,FR SAS,FR,Engineering,Paris,CC410-FR,1.0,35,119294.0,18967.0,6000.0,1500.0,2019-01-27,1983,3
E00743,F,Junior Engineer,Engineering,1,NL BV,NL,Engineering,Rotterdam,CC410-NL,0.8,38,42322.0,2667.0,0.0,0.0,2020-06-06,1998,3
E00744,F,Support Manager,Customer Support,4,IE Ltd,IE,Customer Support,Dublin,CC740-IE,1.0,39,69787.0,0.0,0.0,0.0,2015-02-09,1980,3
E00745,F,HR Generalist,People,2,FR SAS,FR,People,Paris,CC860-FR,1.0,35,43333.0,2971.0,0.0,0.0,2020-10-27,1999,4
E00746,M,Account Executive,Sales,2,NL BV,NL,Sales,Rotterdam,CC520-NL,1.0,38,52154.0,15134.0,0.0,0.0,2014-03-03,1988,2
E00747,F,Head of Support,Customer Support,5,IE Ltd,IE,Customer Support,Dublin,CC740-IE,0.8,39,82190.0,2969.0,4800.0,1500.0,2021-06-10,1988,5
E00748,M,Warehouse Operative,Operations,1,NL BV,NL,Operations,Hengelo,CC630-NL,1.0,38,31264.0,2784.0,1799.0,0.0,2025-07-06,2000,3
E00749,F,Senior Engineer,Engineering,3,NL BV,NL,Engineering,Hengelo,CC410-NL,1.0,38,80984.0,10028.0,0.0,0.0,2022-12-03,1984,4
E00750,M,Finance Assistant,Finance,1,DE GmbH,DE,Finance,Bremen,CC850-DE,1.0,40,43272.0,4821.0,0.0,0.0,2022-09-12,1999,3
E00751,F,Senior Engineer,Engineering,3,DE GmbH,DE,Engineering,Bremen,CC410-DE,0.6,40,77048.0,0.0,0.0,0.0,2020-12-12,1993,3
E00752,F,Support Manager,Customer Support,4,FR SAS,FR,Customer Support,Paris,CC740-FR,1.0,35,57372.0,2103.0,0.0,1500.0,2021-02-10,1988,2
E00753,F,Senior Account Executive,Sales,3,IE Ltd,IE,Sales,Dublin,CC520-IE,1.0,39,54671.0,11042.0,0.0,0.0,2023-03-14,1995,4
E00754,F,Senior Accountant,Finance,3,NL BV,NL,Finance,Rotterdam,CC850-NL,1.0,38,64427.0,3919.0,0.0,0.0,2017-12-12,1990,2
E00755,M,Senior Engineer,Engineering,3,NL BV,NL,Engineering,Hengelo,CC410-NL,1.0,38,73701.0,0.0,0.0,0.0,2019-02-05,1991,3
E00756,F,Account Executive,Sales,2,DE GmbH,DE,Sales,Bremen,CC520-DE,1.0,40,50937.0,6435.0,0.0,0.0,2021-02-04,2003,1
E00757,F,VP Customer Experience,Customer Support,6,DE GmbH,DE,Customer Support,Munich,CC740-DE,1.0,40,115264.0,5985.0,6000.0,1500.0,2018-11-26,1971,4
E00758,M,Finance Director,Finance,5,ES SL,ES,Finance,Madrid,CC850-ES,1.0,40,83232.0,11034.0,6000.0,1500.0,2017-07-15,1975,3
E00759,M,Junior Engineer,Engineering,1,ES SL,ES,Engineering,Madrid,CC410-ES,1.0,40,35965.0,1896.0,0.0,0.0,2022-11-15,2006,3
E00760,F,Warehouse Operative,Operations,1,FR SAS,FR,Operations,Toulouse,CC630-FR,1.0,35,28355.0,0.0,2567.0,0.0,2021-04-17,1996,3
E00761,F,HR Manager,People,4,ES SL,ES,People,Madrid,CC860-ES,0.6,40,50298.0,0.0,0.0,0.0,2022-05-28,1992,5
E00762,M,Operations Supervisor,Operations,3,IE Ltd,IE,Operations,Dublin,CC630-IE,1.0,39,49515.0,0.0,2115.0,0.0,2022-11-26,1986,3
E00763,M,Sales Associate,Sales,1,FR SAS,FR,Sales,Toulouse,CC520-FR,1.0,35,33688.0,9700.0,0.0,0.0,2022-03-28,1992,3
E00764,F,Support Team Lead,Customer Support,3,DE GmbH,DE,Customer Support,Munich,CC740-DE,0.8,40,56981.0,0.0,0.0,0.0,2020-12-09,1990,3
E00765,M,HR Generalist,People,2,DE GmbH,DE,People,Bremen,CC860-DE,1.0,40,48577.0,2343.0,0.0,0.0,2023-08-05,1998,3
E00766,M,Engineering Director,Engineering,6,DE GmbH,DE,Engineering,Bremen,CC410-DE,1.0,40,183564.0,29598.0,6000.0,0.0,2018-07-23,1974,3
E00767,F,Shift Lead,Operations,2,ES SL,ES,Operations,Madrid,CC630-ES,1.0,40,30225.0,1667.0,1429.0,0.0,2017-02-06,1987,5
E00768,F,Principal Engineer,Engineering,5,NL BV,NL,Engineering,Rotterdam,CC410-NL,1.0,38,114849.0,19732.0,6000.0,1500.0,2022-02-27,1980,4
E00769,F,Chief People Officer,People,6,IE Ltd,IE,People,Dublin,CC860-IE,1.0,39,123792.0,7322.0,6000.0,0.0,2018-04-24,1981,3
E00770,F,Principal Engineer,Engineering,5,DE GmbH,DE,Engineering,Munich,CC410-DE,0.8,40,124696.0,11801.0,4800.0,0.0,2017-05-13,1982,4
E00771,M,Shift Lead,Operations,2,FR SAS,FR,Operations,Paris,CC630-FR,1.0,35,32836.0,1843.0,0.0,0.0,2021-06-03,1996,2
E00772,M,Regional Sales Director,Sales,5,IE Ltd,IE,Sales,Dublin,CC520-IE,0.5,39,120941.0,22205.0,3000.0,1500.0,2018-07-27,1980,4
E00773,F,Junior Engineer,Engineering,1,FR SAS,FR,Engineering,Paris,CC410-FR,1.0,35,48034.0,4726.0,0.0,0.0,2023-01-03,2001,3
E00774,M,Account Executive,Sales,2,NL BV,NL,Sales,Rotterdam,CC520-NL,1.0,38,51531.0,15362.0,0.0,0.0,2023-10-13,2002,3
E00775,M,Senior Account Executive,Sales,3,DE GmbH,DE,Sales,Munich,CC520-DE,1.0,40,65869.0,23714.0,0.0,0.0,2014-07-25,1988,4
E00776,M,Staff Engineer,Engineering,4,ES SL,ES,Engineering,Madrid,CC410-ES,1.0,40,74737.0,3437.0,0.0,1500.0,2021-03-12,1987,2
E00777,M,Junior Engineer,Engineering,1,DE GmbH,DE,Engineering,Bremen,CC410-DE,1.0,40,48288.0,4540.0,0.0,0.0,2022-02-21,1999,4
E00778,F,Senior Support Agent,Customer Support,2,ES SL,ES,Customer Support,Madrid,CC740-ES,1.0,40,26733.0,1938.0,0.0,0.0,2022-01-15,1998,4
E00779,M,Senior Support Agent,Customer Support,2,FR SAS,FR,Customer Support,Toulouse,CC740-FR,1.0,35,47039.0,3256.0,0.0,0.0,2019-05-17,1993,5
E00780,M,Staff Engineer,Engineering,4,NL BV,NL,Engineering,Hengelo,CC410-NL,1.0,38,96242.0,4379.0,0.0,0.0,2019-02-25,1989,5
E00781,F,Finance Assistant,Finance,1,ES SL,ES,Finance,Madrid,CC850-ES,1.0,40,30344.0,4583.0,0.0,0.0,2025-07-27,2002,4
E00782,F,Senior Support Agent,Customer Support,2,IE Ltd,IE,Customer Support,Dublin,CC740-IE,1.0,39,41072.0,1479.0,0.0,0.0,2023-12-29,1999,3
E00783,M,Senior Support Agent,Customer Support,2,ES SL,ES,Customer Support,Madrid,CC740-ES,1.0,40,29943.0,1583.0,0.0,0.0,2017-07-09,2002,2
E00784,M,Staff Engineer,Engineering,4,IE Ltd,IE,Engineering,Dublin,CC410-IE,1.0,39,122538.0,15056.0,0.0,0.0,2011-10-25,1985,5
E00785,F,Senior Accountant,Finance,3,IE Ltd,IE,Finance,Dublin,CC850-IE,1.0,39,72768.0,9276.0,0.0,0.0,2015-06-08,1990,3
E00786,F,Finance Assistant,Finance,1,NL BV,NL,Finance,Hengelo,CC850-NL,1.0,38,37184.0,0.0,0.0,0.0,2025-04-10,2001,3
E00787,M,Head of Support,Customer Support,5,NL BV,NL,Customer Support,Hengelo,CC740-NL,1.0,38,87318.0,11977.0,6000.0,1500.0,2018-02-15,1981,4
E00788,M,Warehouse Operative,Operations,1,IE Ltd,IE,Operations,Dublin,CC630-IE,1.0,39,29679.0,703.0,0.0,0.0,2024-06-14,1995,3
E00789,M,Shift Lead,Operations,2,ES SL,ES,Operations,Madrid,CC630-ES,1.0,40,28787.0,0.0,1868.0,0.0,2021-04-19,1996,3
E00790,M,Finance Assistant,Finance,1,DE GmbH,DE,Finance,Munich,CC850-DE,1.0,40,41215.0,0.0,0.0,0.0,2021-09-02,1997,3
E00791,F,HR Manager,People,4,NL BV,NL,People,Rotterdam,CC860-NL,0.6,38,90208.0,2105.0,0.0,0.0,2011-09-30,1993,4
E00792,M,Senior Engineer,Engineering,3,DE GmbH,DE,Engineering,Munich,CC410-DE,1.0,40,83491.0,7928.0,0.0,0.0,2022-06-26,1995,4
E00793,M,Principal Engineer,Engineering,5,NL BV,NL,Engineering,Hengelo,CC410-NL,1.0,38,116692.0,10257.0,6000.0,0.0,2022-01-06,1979,3
E00794,M,Operations Supervisor,Operations,3,FR SAS,FR,Operations,Paris,CC630-FR,1.0,35,51082.0,3384.0,1626.0,0.0,2023-12-10,1995,4
E00795,F,Senior Support Agent,Customer Support,2,DE GmbH,DE,Customer Support,Munich,CC740-DE,1.0,40,36769.0,1023.0,0.0,0.0,2020-10-16,1998,2
E00796,M,Sales Manager,Sales,4,DE GmbH,DE,Sales,Munich,CC520-DE,1.0,40,81940.0,21033.0,0.0,0.0,2013-03-03,1982,4
E00797,M,Staff Engineer,Engineering,4,DE GmbH,DE,Engineering,Bremen,CC410-DE,0.8,40,109421.0,9569.0,0.0,1500.0,2021-09-07,1994,3
E00798,F,Finance Assistant,Finance,1,DE GmbH,DE,Finance,Munich,CC850-DE,1.0,40,41001.0,0.0,0.0,0.0,2019-01-18,1992,3
E00799,M,Finance Manager,Finance,4,DE GmbH,DE,Finance,Bremen,CC850-DE,1.0,40,97239.0,7235.0,0.0,0.0,2019-08-15,1982,3
E00800,F,Head of Support,Customer Support,5,DE GmbH,DE,Customer Support,Bremen,CC740-DE,1.0,40,85879.0,3813.0,6000.0,0.0,2023-03-20,1984,4
E00801,F,Shift Lead,Operations,2,DE GmbH,DE,Operations,Munich,CC630-DE,1.0,40,45515.0,2516.0,1780.0,0.0,2017-08-27,1994,5
E00802,F,HR Assistant,People,1,NL BV,NL,People,Hengelo,CC860-NL,1.0,38,38787.0,0.0,0.0,0.0,2019-12-05,1998,3
E00803,M,Support Manager,Customer Support,4,DE GmbH,DE,Customer Support,Munich,CC740-DE,1.0,40,64859.0,4164.0,0.0,1500.0,2021-12-14,1988,3
E00804,F,Sales Manager,Sales,4,DE GmbH,DE,Sales,Munich,CC520-DE,1.0,40,68829.0,25598.0,0.0,1500.0,2021-11-07,1988,3
E00805,M,Finance Director,Finance,5,FR SAS,FR,Finance,Toulouse,CC850-FR,1.0,35,103500.0,13390.0,6000.0,0.0,2022-01-09,1996,3
E00806,F,Operations Manager,Operations,4,DE GmbH,DE,Operations,Bremen,CC630-DE,1.0,40,68551.0,0.0,0.0,1500.0,2018-05-09,1986,2
E00807,F,Sales Manager,Sales,4,DE GmbH,DE,Sales,Munich,CC520-DE,1.0,40,74913.0,9967.0,0.0,0.0,2018-07-27,1983,2
E00808,M,Staff Engineer,Engineering,4,ES SL,ES,Engineering,Madrid,CC410-ES,1.0,40,69319.0,3710.0,0.0,0.0,2020-06-13,1988,3
E00809,F,Senior Account Executive,Sales,3,ES SL,ES,Sales,Madrid,CC520-ES,0.5,40,38492.0,4823.0,0.0,0.0,2023-09-29,1989,2
E00810,F,HR Business Partner,People,3,IE Ltd,IE,People,Dublin,CC860-IE,1.0,39,59322.0,7309.0,0.0,0.0,2020-02-29,1988,3
E00811,F,Support Manager,Customer Support,4,NL BV,NL,Customer Support,Rotterdam,CC740-NL,0.5,38,61877.0,2689.0,0.0,1500.0,2022-04-21,1979,4
E00812,M,Warehouse Operative,Operations,1,DE GmbH,DE,Operations,Bremen,CC630-DE,1.0,40,36069.0,2175.0,2602.0,0.0,2022-07-06,2005,4
E00813,M,Regional Sales Director,Sales,5,IE Ltd,IE,Sales,Dublin,CC520-IE,1.0,39,100281.0,29710.0,6000.0,0.0,2019-11-08,1991,3
E00814,M,Staff Engineer,Engineering,4,DE GmbH,DE,Engineering,Bremen,CC410-DE,1.0,40,101737.0,0.0,0.0,1500.0,2021-04-12,1985,2
E00815,F,Senior Account Executive,Sales,3,FR SAS,FR,Sales,Toulouse,CC520-FR,1.0,35,51913.0,16670.0,0.0,0.0,2022-08-30,1998,4
E00816,M,Finance Manager,Finance,4,FR SAS,FR,Finance,Toulouse,CC850-FR,1.0,35,85233.0,8713.0,0.0,0.0,2018-01-24,1988,4
E00817,M,Warehouse Operative,Operations,1,NL BV,NL,Operations,Rotterdam,CC630-NL,1.0,38,32111.0,0.0,0.0,0.0,2020-07-17,1992,4
E00818,F,Regional Sales Director,Sales,5,FR SAS,FR,Sales,Paris,CC520-FR,0.5,35,88025.0,9001.0,3000.0,1500.0,2020-03-24,1976,3
E00819,M,Account Executive,Sales,2,NL BV,NL,Sales,Hengelo,CC520-NL,1.0,38,47655.0,13590.0,0.0,0.0,2022-09-29,1998,3
E00820,M,Senior Account Executive,Sales,3,IE Ltd,IE,Sales,Dublin,CC520-IE,1.0,39,62683.0,13510.0,0.0,0.0,2021-02-01,1988,3
E00821,F,Operations Supervisor,Operations,3,ES SL,ES,Operations,Madrid,CC630-ES,1.0,40,34671.0,1870.0,2135.0,0.0,2022-03-10,1983,2
E00822,F,HR Manager,People,4,IE Ltd,IE,People,Dublin,CC860-IE,1.0,39,84378.0,6799.0,0.0,1500.0,2015-11-27,1985,3
E00823,M,HR Business Partner,People,3,ES SL,ES,People,Madrid,CC860-ES,1.0,40,41234.0,1724.0,0.0,0.0,2023-08-16,1997,2
E00824,M,Support Agent,Customer Support,1,FR SAS,FR,Customer Support,Paris,CC740-FR,1.0,35,32998.0,0.0,0.0,0.0,2022-11-12,1993,3
E00825,M,Operations Supervisor,Operations,3,IE Ltd,IE,Operations,Dublin,CC630-IE,1.0,39,44912.0,3211.0,0.0,0.0,2017-04-20,1995,4
E00826,F,Senior Account Executive,Sales,3,DE GmbH,DE,Sales,Bremen,CC520-DE,1.0,40,62845.0,18493.0,0.0,0.0,2021-05-22,1987,4
E00827,M,HR Business Partner,People,3,FR SAS,FR,People,Toulouse,CC860-FR,1.0,35,55165.0,0.0,0.0,0.0,2019-04-05,1984,3
E00828,M,Support Agent,Customer Support,1,FR SAS,FR,Customer Support,Toulouse,CC740-FR,1.0,35,27573.0,1410.0,0.0,0.0,2020-07-06,2003,3
E00829,M,Support Manager,Customer Support,4,FR SAS,FR,Customer Support,Paris,CC740-FR,1.0,35,57088.0,1558.0,0.0,1500.0,2023-08-12,1990,4
E00830,F,VP Customer Experience,Customer Support,6,FR SAS,FR,Customer Support,Toulouse,CC740-FR,1.0,35,103703.0,2887.0,6000.0,0.0,2020-11-24,1976,3
E00831,F,Warehouse Operative,Operations,1,DE GmbH,DE,Operations,Munich,CC630-DE,1.0,40,31724.0,0.0,0.0,0.0,2017-01-18,1997,2
E00832,M,Engineer,Engineering,2,DE GmbH,DE,Engineering,Bremen,CC410-DE,1.0,40,66280.0,0.0,0.0,0.0,2020-11-29,1995,2
E00833,M,Junior Engineer,Engineering,1,DE GmbH,DE,Engineering,Bremen,CC410-DE,1.0,40,50459.0,3542.0,0.0,0.0,2022-12-02,1998,3
E00834,M,Junior Engineer,Engineering,1,ES SL,ES,Engineering,Madrid,CC410-ES,1.0,40,35881.0,0.0,0.0,0.0,2022-11-04,1983,4
E00835,M,Support Team Lead,Customer Support,3,NL BV,NL,Customer Support,Hengelo,CC740-NL,1.0,38,54063.0,1794.0,0.0,0.0,2023-02-02,1998,3
E00836,F,HR Assistant,People,1,FR SAS,FR,People,Paris,CC860-FR,0.8,35,41160.0,3086.0,0.0,0.0,2009-02-04,1983,4
E00837,M,VP Sales,Sales,6,ES SL,ES,Sales,Madrid,CC520-ES,1.0,40,93612.0,21691.0,6000.0,1500.0,2020-01-04,1981,3
E00838,M,Senior Support Agent,Customer Support,2,DE GmbH,DE,Customer Support,Munich,CC740-DE,1.0,40,51410.0,3249.0,0.0,0.0,2019-02-27,1993,5
E00839,F,Senior Engineer,Engineering,3,DE GmbH,DE,Engineering,Munich,CC410-DE,1.0,40,88371.0,0.0,0.0,0.0,2014-03-18,1982,3
E00840,F,Account Executive,Sales,2,FR SAS,FR,Sales,Paris,CC520-FR,0.6,35,37493.0,8905.0,0.0,0.0,2023-01-04,1988,3
E00841,F,HR Generalist,People,2,IE Ltd,IE,People,Dublin,CC860-IE,1.0,39,51673.0,3166.0,0.0,0.0,2020-05-01,1988,4
E00842,M,Support Team Lead,Customer Support,3,DE GmbH,DE,Customer Support,Bremen,CC740-DE,1.0,40,58705.0,4560.0,0.0,0.0,2020-04-20,1992,4
E00843,F,Support Manager,Customer Support,4,IE Ltd,IE,Customer Support,Dublin,CC740-IE,0.6,39,69845.0,3048.0,0.0,0.0,2021-12-24,1986,3
E00844,F,Warehouse Operative,Operations,1,DE GmbH,DE,Operations,Munich,CC630-DE,0.5,40,29722.0,0.0,1115.0,0.0,2023-06-13,2000,3
E00845,M,Senior Account Executive,Sales,3,DE GmbH,DE,Sales,Munich,CC520-DE,1.0,40,70928.0,11800.0,0.0,0.0,2013-06-21,1994,4
E00846,F,HR Generalist,People,2,DE GmbH,DE,People,Munich,CC860-DE,1.0,40,46698.0,4262.0,0.0,0.0,2023-02-28,1996,4
E00847,F,Account Executive,Sales,2,IE Ltd,IE,Sales,Dublin,CC520-IE,1.0,39,40951.0,10494.0,0.0,0.0,2024-09-21,1994,4
E00848,M,Engineer,Engineering,2,DE GmbH,DE,Engineering,Bremen,CC410-DE,0.8,40,63263.0,0.0,0.0,0.0,2024-10-16,1992,3
E00849,M,Engineering Director,Engineering,6,DE GmbH,DE,Engineering,Munich,CC410-DE,1.0,40,184079.0,18949.0,6000.0,1500.0,2019-08-09,1981,2
E00850,M,Account Executive,Sales,2,NL BV,NL,Sales,Rotterdam,CC520-NL,1.0,38,47714.0,8471.0,0.0,0.0,2022-12-24,1997,3
E00851,M,Engineer,Engineering,2,ES SL,ES,Engineering,Madrid,CC410-ES,1.0,40,45317.0,4729.0,0.0,0.0,2024-05-09,2000,3
E00852,M,Engineering Director,Engineering,6,DE GmbH,DE,Engineering,Munich,CC410-DE,1.0,40,193371.0,15185.0,6000.0,1500.0,2018-03-05,1981,4
E00853,M,Engineer,Engineering,2,DE GmbH,DE,Engineering,Bremen,CC410-DE,1.0,40,68677.0,4911.0,0.0,0.0,2017-10-01,1991,4
E00854,M,HR Business Partner,People,3,FR SAS,FR,People,Toulouse,CC860-FR,1.0,35,57893.0,3500.0,0.0,0.0,2015-03-14,1986,3
E00855,F,HR Business Partner,People,3,DE GmbH,DE,People,Munich,CC860-DE,1.0,40,59620.0,5782.0,0.0,0.0,2019-03-29,1996,3
E00856,F,HR Manager,People,4,DE GmbH,DE,People,Munich,CC860-DE,1.0,40,82003.0,6427.0,0.0,1500.0,2021-01-18,1984,4
E00857,M,Engineer,Engineering,2,FR SAS,FR,Engineering,Toulouse,CC410-FR,1.0,35,55974.0,5603.0,0.0,0.0,2021-05-27,1993,5
E00858,M,Senior Account Executive,Sales,3,FR SAS,FR,Sales,Paris,CC520-FR,1.0,35,69786.0,32078.0,0.0,0.0,2014-10-27,1985,4
E00859,F,Junior Engineer,Engineering,1,ES SL,ES,Engineering,Madrid,CC410-ES,1.0,40,29899.0,2542.0,0.0,0.0,2025-01-28,1996,3
E00860,M,Operations Supervisor,Operations,3,ES SL,ES,Operations,Madrid,CC630-ES,1.0,40,41840.0,2508.0,1756.0,0.0,2018-01-23,1983,3
E00861,M,Senior Account Executive,Sales,3,DE GmbH,DE,Sales,Bremen,CC520-DE,1.0,40,74375.0,21076.0,0.0,0.0,2013-09-29,1982,4
E00862,F,Support Team Lead,Customer Support,3,ES SL,ES,Customer Support,Madrid,CC740-ES,1.0,40,36345.0,1717.0,0.0,0.0,2017-10-03,1990,2
E00863,F,HR Assistant,People,1,IE Ltd,IE,People,Dublin,CC860-IE,1.0,39,38483.0,0.0,0.0,0.0,2017-06-05,2001,3
E00864,M,Shift Lead,Operations,2,DE GmbH,DE,Operations,Bremen,CC630-DE,1.0,40,45076.0,2309.0,2798.0,0.0,2022-03-04,1995,2
E00865,F,HR Assistant,People,1,NL BV,NL,People,Rotterdam,CC860-NL,1.0,38,34702.0,0.0,0.0,0.0,2023-08-13,2002,3
E00866,M,Senior Engineer,Engineering,3,ES SL,ES,Engineering,Madrid,CC410-ES,1.0,40,61340.0,2493.0,0.0,0.0,2015-06-18,1981,3
E00867,F,Senior Accountant,Finance,3,FR SAS,FR,Finance,Paris,CC850-FR,1.0,35,64586.0,6109.0,0.0,0.0,2020-09-27,1984,4
E00868,F,Engineer,Engineering,2,ES SL,ES,Engineering,Madrid,CC410-ES,0.5,40,38535.0,0.0,0.0,0.0,2024-05-18,1991,2
E00869,M,Principal Engineer,Engineering,5,ES SL,ES,Engineering,Madrid,CC410-ES,1.0,40,91098.0,15267.0,6000.0,0.0,2022-02-02,1987,3
E00870,F,Sales Associate,Sales,1,IE Ltd,IE,Sales,Dublin,CC520-IE,1.0,39,37912.0,7750.0,0.0,0.0,2018-10-04,1999,2
E00871,M,Sales Associate,Sales,1,IE Ltd,IE,Sales,Dublin,CC520-IE,1.0,39,38014.0,10365.0,0.0,0.0,2019-02-13,1998,2
E00872,F,Sales Manager,Sales,4,IE Ltd,IE,Sales,Dublin,CC520-IE,1.0,39,79727.0,22000.0,0.0,1500.0,2022-11-03,1989,3
E00873,F,HR Business Partner,People,3,DE GmbH,DE,People,Munich,CC860-DE,1.0,40,63063.0,5296.0,0.0,0.0,2019-09-16,1998,3
E00874,M,Junior Engineer,Engineering,1,ES SL,ES,Engineering,Madrid,CC410-ES,1.0,40,36452.0,0.0,0.0,0.0,2023-03-16,2000,3
E00875,M,Warehouse Operative,Operations,1,DE GmbH,DE,Operations,Munich,CC630-DE,1.0,40,39012.0,0.0,0.0,0.0,2016-04-06,1999,5
E00876,M,Engineer,Engineering,2,DE GmbH,DE,Engineering,Munich,CC410-DE,1.0,40,70699.0,5255.0,0.0,0.0,2022-06-04,1992,3
E00877,M,Support Team Lead,Customer Support,3,DE GmbH,DE,Customer Support,Bremen,CC740-DE,1.0,40,54263.0,1333.0,0.0,0.0,2019-04-14,1986,3
E00878,F,Engineer,Engineering,2,DE GmbH,DE,Engineering,Munich,CC410-DE,1.0,40,57652.0,3491.0,0.0,0.0,2019-06-22,1996,4
E00879,F,Finance Assistant,Finance,1,NL BV,NL,Finance,Hengelo,CC850-NL,0.8,38,38276.0,0.0,0.0,0.0,2019-07-31,1994,3
E00880,M,Sales Associate,Sales,1,ES SL,ES,Sales,Madrid,CC520-ES,1.0,40,28105.0,6455.0,0.0,0.0,2018-09-23,1993,3
E00881,M,Senior Account Executive,Sales,3,ES SL,ES,Sales,Madrid,CC520-ES,1.0,40,39972.0,12512.0,0.0,0.0,2020-02-25,1993,1
E00882,F,Shift Lead,Operations,2,IE Ltd,IE,Operations,Dublin,CC630-IE,1.0,39,37514.0,1714.0,1725.0,0.0,2024-08-26,1992,4
E00883,M,Site Director,Operations,5,DE GmbH,DE,Operations,Munich,CC630-DE,1.0,40,96174.0,5283.0,6000.0,1500.0,2017-11-20,1980,2
E00884,M,Warehouse Operative,Operations,1,ES SL,ES,Operations,Madrid,CC630-ES,1.0,40,24660.0,0.0,1927.0,0.0,2016-03-16,1993,3
E00885,M,Senior Account Executive,Sales,3,NL BV,NL,Sales,Hengelo,CC520-NL,1.0,38,52852.0,8897.0,0.0,0.0,2022-06-06,1991,2
E00886,M,Shift Lead,Operations,2,DE GmbH,DE,Operations,Munich,CC630-DE,1.0,40,42697.0,2914.0,0.0,0.0,2020-09-05,1996,2
E00887,F,HR Generalist,People,2,DE GmbH,DE,People,Bremen,CC860-DE,1.0,40,50780.0,5928.0,0.0,0.0,2018-12-15,1993,4
E00888,M,Finance Manager,Finance,4,FR SAS,FR,Finance,Toulouse,CC850-FR,1.0,35,83616.0,8818.0,0.0,1500.0,2022-04-16,1990,3
E00889,F,Support Team Lead,Customer Support,3,DE GmbH,DE,Customer Support,Bremen,CC740-DE,0.6,40,43879.0,0.0,0.0,0.0,2023-11-18,1993,1
E00890,M,Senior Account Executive,Sales,3,IE Ltd,IE,Sales,Dublin,CC520-IE,1.0,39,60323.0,16401.0,0.0,0.0,2021-06-01,1989,4
E00891,M,Senior Support Agent,Customer Support,2,FR SAS,FR,Customer Support,Paris,CC740-FR,1.0,35,43277.0,2114.0,0.0,0.0,2019-01-09,1989,3
E00892,F,Staff Engineer,Engineering,4,NL BV,NL,Engineering,Rotterdam,CC410-NL,1.0,38,90536.0,4177.0,0.0,0.0,2020-11-18,1976,2
E00893,F,Support Team Lead,Customer Support,3,DE GmbH,DE,Customer Support,Bremen,CC740-DE,0.5,40,44347.0,1562.0,0.0,0.0,2019-10-04,1986,2
E00894,F,Support Agent,Customer Support,1,FR SAS,FR,Customer Support,Paris,CC740-FR,0.6,35,26706.0,698.0,0.0,0.0,2023-04-28,1995,3
E00895,X,Head of Support,Customer Support,5,NL BV,NL,Customer Support,Hengelo,CC740-NL,1.0,38,99941.0,4680.0,6000.0,1500.0,2021-01-21,1987,3
E00896,F,Senior Support Agent,Customer Support,2,DE GmbH,DE,Customer Support,Bremen,CC740-DE,0.8,40,43584.0,0.0,0.0,0.0,2019-04-26,1989,3
E00897,F,Account Executive,Sales,2,DE GmbH,DE,Sales,Bremen,CC520-DE,1.0,40,46868.0,0.0,0.0,0.0,2022-01-29,1988,4
E00898,M,Senior Account Executive,Sales,3,DE GmbH,DE,Sales,Bremen,CC520-DE,1.0,40,63727.0,27039.0,0.0,0.0,2021-05-01,1991,3
E00899,M,Senior Account Executive,Sales,3,DE GmbH,DE,Sales,Bremen,CC520-DE,1.0,40,65913.0,40803.0,0.0,0.0,2020-04-10,1988,4
E00900,M,Operations Supervisor,Operations,3,FR SAS,FR,Operations,Toulouse,CC630-FR,1.0,35,50207.0,2877.0,2033.0,0.0,2021-04-28,1993,5
